"Game ID","Team","Player ID","Player","Lineup Position","Games","PO","A","E","CI","PB","SBA","CSB","IDP","TP","P","C","1B","2B","3B","SS","LF","CF","RF","DH","PH","PR"
"0","Milwaukee","0","Totals","Neutral","","1440.0","573.0","66.0","0.0","12.0","37.0","23.0","40.0","0.0"
"0","Milwaukee","0","Opponent Totals","Neutral","","1450.0","600.0","79.0","2.0","12.0","55.0","17.0","50.0","0.0"
"0","Wright St.","0","Totals","Neutral","","1557.0","650.0","64.0","2.0","9.0","50.0","15.0","52.0","0.0"
"0","Wright St.","0","Opponent Totals","Neutral","","1536.0","622.0","81.0","5.0","13.0","32.0","18.0","33.0","0.0"
"0","NC State","0","Totals","Neutral","","1705.0","650.0","74.0","2.0","24.0","73.0","18.0","65.0","0.0"
"0","NC State","0","Opponent Totals","Neutral","","1654.0","682.0","122.0","1.0","17.0","102.0","21.0","45.0","0.0"
"0","Lynn","0","Totals","Neutral","","26.0","7.0","0.0","0.0","0.0","1.0","0.0","0.0","0.0"
"0","Lynn","0","Opponent Totals","Neutral","","27.0","15.0","2.0","0.0","0.0","0.0","1.0","2.0","0.0"
"0","Shawnee St.","0","Totals","Neutral","","24.0","14.0","1.0","0.0","0.0","1.0","1.0","1.0","0.0"
"0","Shawnee St.","0","Opponent Totals","Neutral","","27.0","15.0","1.0","0.0","0.0","0.0","1.0","2.0","0.0"
"0","Albany (NY)","0","Totals","Neutral","","1366.0","628.0","73.0","0.0","9.0","99.0","28.0","29.0","0.0"
"0","Albany (NY)","0","Opponent Totals","Neutral","","1408.0","611.0","73.0","0.0","17.0","42.0","25.0","54.0","0.0"
"0","Tougaloo","0","Totals","Neutral","","118.0","43.0","16.0","0.0","6.0","22.0","4.0","0.0","0.0"
"0","Tougaloo","0","Opponent Totals","Neutral","","126.0","70.0","7.0","0.0","3.0","23.0","8.0","4.0","0.0"
"0","Hamline","0","Totals","Neutral","","46.0","15.0","4.0","0.0","0.0","1.0","0.0","0.0","0.0"
"0","Hamline","0","Opponent Totals","Neutral","","48.0","20.0","2.0","0.0","0.0","1.0","0.0","1.0","0.0"
"0","NYIT","0","Totals","Neutral","","1224.0","435.0","94.0","0.0","16.0","92.0","25.0","32.0","0.0"
"0","NYIT","0","Opponent Totals","Neutral","","1293.0","532.0","83.0","1.0","6.0","63.0","18.0","35.0","0.0"
"0","Florida St.","0","Totals","Neutral","","1795.0","673.0","81.0","2.0","8.0","64.0","30.0","65.0","0.0"
"0","Florida St.","0","Opponent Totals","Neutral","","1731.0","617.0","99.0","3.0","21.0","63.0","25.0","73.0","0.0"
"0","Union (TN)","0","Totals","Neutral","","27.0","10.0","0.0","0.0","0.0","0.0","1.0","0.0","0.0"
"0","Union (TN)","0","Opponent Totals","Neutral","","27.0","12.0","1.0","0.0","0.0","1.0","0.0","1.0","0.0"
"0","Texas-Brownsville","0","Totals","Neutral","","69.0","35.0","7.0","0.0","1.0","1.0","0.0","4.0","0.0"
"0","Texas-Brownsville","0","Opponent Totals","Neutral","","75.0","34.0","1.0","0.0","0.0","4.0","3.0","1.0","0.0"
"0","Bryant","0","Totals","Neutral","","1344.0","549.0","83.0","2.0","8.0","43.0","18.0","41.0","0.0"
"0","Bryant","0","Opponent Totals","Neutral","","1338.0","475.0","56.0","0.0","10.0","40.0","19.0","32.0","0.0"
"0","Princeton","0","Totals","Neutral","","956.0","357.0","42.0","0.0","9.0","33.0","15.0","29.0","0.0"
"0","Princeton","0","Opponent Totals","Neutral","","981.0","334.0","57.0","1.0","7.0","32.0","6.0","29.0","0.0"
"0","Bowling Green","0","Totals","Neutral","","1393.0","585.0","110.0","0.0","10.0","40.0","26.0","49.0","0.0"
"0","Bowling Green","0","Opponent Totals","Neutral","","1429.0","652.0","85.0","1.0","12.0","36.0","28.0","55.0","0.0"
"0","St. Gregory's","0","Totals","Neutral","","24.0","8.0","3.0","0.0","0.0","0.0","0.0","1.0","0.0"
"0","St. Gregory's","0","Opponent Totals","Neutral","","27.0","12.0","0.0","0.0","0.0","0.0","1.0","0.0","0.0"
"0","California","0","Totals","Neutral","","1453.0","619.0","96.0","3.0","2.0","39.0","12.0","51.0","0.0"
"0","California","0","Opponent Totals","Neutral","","1449.0","618.0","71.0","1.0","11.0","39.0","17.0","34.0","0.0"
"0","Gonzaga","0","Totals","Neutral","","1509.0","610.0","76.0","0.0","6.0","31.0","13.0","46.0","0.0"
"0","Gonzaga","0","Opponent Totals","Neutral","","1490.0","687.0","71.0","0.0","11.0","33.0","17.0","48.0","0.0"
"0","UIC","0","Totals","Neutral","","1503.0","615.0","69.0","1.0","17.0","48.0","17.0","52.0","0.0"
"0","UIC","0","Opponent Totals","Neutral","","1528.0","626.0","74.0","1.0","12.0","42.0","21.0","26.0","0.0"
"0","UNC Greensboro","0","Totals","Neutral","","1309.0","481.0","62.0","2.0","13.0","60.0","25.0","23.0","0.0"
"0","UNC Greensboro","0","Opponent Totals","Neutral","","1281.0","483.0","86.0","0.0","7.0","39.0","7.0","32.0","0.0"
"0","Webster","0","Totals","Neutral","","24.0","7.0","3.0","0.0","1.0","0.0","1.0","1.0","0.0"
"0","Webster","0","Opponent Totals","Neutral","","27.0","14.0","0.0","0.0","0.0","2.0","0.0","0.0","0.0"
"0","St. Thomas (MN)","0","Totals","Neutral","","24.0","12.0","1.0","0.0","0.0","0.0","1.0","1.0","0.0"
"0","St. Thomas (MN)","0","Opponent Totals","Neutral","","27.0","17.0","0.0","0.0","0.0","0.0","0.0","1.0","0.0"
"0","UC Irvine","0","Totals","Neutral","","1480.0","603.0","57.0","1.0","8.0","26.0","28.0","35.0","0.0"
"0","UC Irvine","0","Opponent Totals","Neutral","","1460.0","611.0","63.0","1.0","6.0","45.0","23.0","52.0","0.0"
"0","Little Rock","0","Totals","Neutral","","1430.0","559.0","77.0","1.0","13.0","33.0","17.0","33.0","1.0"
"0","Little Rock","0","Opponent Totals","Neutral","","1429.0","532.0","72.0","1.0","17.0","89.0","29.0","49.0","0.0"
"0","Maryland","0","Totals","Neutral","","1453.0","588.0","56.0","0.0","6.0","27.0","34.0","32.0","0.0"
"0","Maryland","0","Opponent Totals","Neutral","","1442.0","602.0","68.0","1.0","6.0","76.0","23.0","39.0","0.0"
"0","Cal Poly","0","Totals","Neutral","","1497.0","559.0","47.0","1.0","8.0","35.0","29.0","39.0","0.0"
"0","Cal Poly","0","Opponent Totals","Neutral","","1464.0","554.0","69.0","0.0","9.0","55.0","26.0","37.0","0.0"
"0","Wagner","0","Totals","Neutral","","1335.0","552.0","72.0","1.0","6.0","78.0","16.0","32.0","0.0"
"0","Wagner","0","Opponent Totals","Neutral","","1365.0","604.0","80.0","3.0","5.0","80.0","19.0","36.0","0.0"
"0","Oklahoma","0","Totals","Neutral","","1803.0","767.0","85.0","2.0","11.0","36.0","25.0","55.0","0.0"
"0","Oklahoma","0","Opponent Totals","Neutral","","1762.0","725.0","85.0","0.0","6.0","78.0","41.0","43.0","0.0"
"0","Arkansas","0","Totals","Neutral","","1839.0","747.0","80.0","1.0","16.0","44.0","26.0","60.0","1.0"
"0","Arkansas","0","Opponent Totals","Neutral","","1785.0","775.0","69.0","1.0","11.0","68.0","34.0","60.0","0.0"
"0","SFA","0","Totals","Neutral","","1554.0","681.0","83.0","0.0","12.0","56.0","24.0","40.0","1.0"
"0","SFA","0","Opponent Totals","Neutral","","1568.0","631.0","51.0","1.0","7.0","33.0","25.0","61.0","0.0"
"0","Scranton","0","Totals","Neutral","","24.0","13.0","3.0","0.0","0.0","5.0","1.0","2.0","0.0"
"0","Scranton","0","Opponent Totals","Neutral","","27.0","8.0","3.0","0.0","1.0","1.0","0.0","1.0","0.0"
"0","Texas Southern","0","Totals","Neutral","","1278.0","492.0","75.0","1.0","27.0","56.0","22.0","32.0","0.0"
"0","Texas Southern","0","Opponent Totals","Neutral","","1266.0","519.0","76.0","0.0","13.0","91.0","23.0","35.0","1.0"
"0","North Dakota","0","Totals","Neutral","","1358.0","559.0","96.0","0.0","20.0","61.0","9.0","46.0","0.0"
"0","North Dakota","0","Opponent Totals","Neutral","","1410.0","558.0","76.0","1.0","5.0","38.0","12.0","40.0","0.0"
"0","Bucknell","0","Totals","Neutral","","1213.0","530.0","73.0","1.0","15.0","30.0","29.0","33.0","1.0"
"0","Bucknell","0","Opponent Totals","Neutral","","1224.0","510.0","44.0","1.0","9.0","27.0","17.0","37.0","0.0"
"0","Neb.-Kearney","0","Totals","Neutral","","24.0","16.0","1.0","0.0","0.0","0.0","1.0","0.0","0.0"
"0","Neb.-Kearney","0","Opponent Totals","Neutral","","27.0","9.0","1.0","0.0","0.0","0.0","0.0","0.0","0.0"
"0","Nevada","0","Totals","Neutral","","1515.0","735.0","67.0","1.0","3.0","38.0","22.0","68.0","0.0"
"0","Nevada","0","Opponent Totals","Neutral","","1487.0","631.0","50.0","2.0","9.0","55.0","34.0","48.0","1.0"
"0","Western Ill.","0","Totals","Neutral","","1308.0","487.0","97.0","0.0","13.0","33.0","20.0","31.0","0.0"
"0","Western Ill.","0","Opponent Totals","Neutral","","1335.0","511.0","65.0","0.0","10.0","71.0","22.0","34.0","0.0"
"0","Sam Houston St.","0","Totals","Neutral","","1636.0","676.0","71.0","0.0","10.0","68.0","26.0","48.0","0.0"
"0","Sam Houston St.","0","Opponent Totals","Neutral","","1605.0","632.0","78.0","0.0","7.0","51.0","19.0","52.0","0.0"
"0","Grace (IN)","0","Totals","Neutral","","24.0","9.0","4.0","0.0","1.0","3.0","1.0","1.0","0.0"
"0","Grace (IN)","0","Opponent Totals","Neutral","","27.0","11.0","3.0","0.0","0.0","0.0","0.0","3.0","0.0"
"0","Alabama St.","0","Totals","Neutral","","1441.0","617.0","98.0","0.0","18.0","82.0","41.0","43.0","0.0"
"0","Alabama St.","0","Opponent Totals","Neutral","","1478.0","626.0","87.0","2.0","12.0","132.0","38.0","47.0","0.0"
"0","Anna Maria","0","Totals","Neutral","","24.0","9.0","2.0","0.0","0.0","0.0","1.0","2.0","0.0"
"0","Anna Maria","0","Opponent Totals","Neutral","","27.0","14.0","1.0","0.0","0.0","0.0","0.0","3.0","0.0"
"0","Centenary (LA)","0","Totals","Neutral","","54.0","27.0","7.0","0.0","0.0","1.0","1.0","1.0","0.0"
"0","Centenary (LA)","0","Opponent Totals","Neutral","","48.0","17.0","4.0","0.0","0.0","1.0","3.0","0.0","0.0"
"0","Kennesaw St.","0","Totals","Neutral","","1569.0","662.0","82.0","2.0","8.0","95.0","20.0","54.0","0.0"
"0","Kennesaw St.","0","Opponent Totals","Neutral","","1556.0","623.0","74.0","0.0","14.0","62.0","22.0","52.0","0.0"
"0","Fresno Pacific","0","Totals","Neutral","","27.0","14.0","1.0","0.0","0.0","0.0","0.0","3.0","0.0"
"0","Fresno Pacific","0","Opponent Totals","Neutral","","27.0","10.0","3.0","0.0","1.0","2.0","0.0","0.0","0.0"
"0","British Colum. (CAN)","0","Totals","Neutral","","25.0","13.0","1.0","0.0","0.0","0.0","1.0","0.0","0.0"
"0","British Colum. (CAN)","0","Opponent Totals","Neutral","","27.0","11.0","0.0","0.0","1.0","0.0","0.0","0.0","0.0"
"0","Michigan","0","Totals","Neutral","","1498.0","649.0","77.0","1.0","19.0","36.0","21.0","55.0","0.0"
"0","Michigan","0","Opponent Totals","Neutral","","1501.0","601.0","73.0","1.0","13.0","72.0","30.0","42.0","1.0"
"0","Coastal Caro.","0","Totals","Neutral","","1680.0","743.0","86.0","0.0","8.0","28.0","30.0","49.0","0.0"
"0","Coastal Caro.","0","Opponent Totals","Neutral","","1616.0","677.0","83.0","0.0","11.0","91.0","28.0","68.0","0.0"
"0","VMI","0","Totals","Neutral","","1364.0","518.0","79.0","1.0","13.0","56.0","22.0","40.0","0.0"
"0","VMI","0","Opponent Totals","Neutral","","1383.0","524.0","52.0","0.0","8.0","40.0","26.0","39.0","0.0"
"0","Notre Dame","0","Totals","Neutral","","1535.0","622.0","88.0","0.0","8.0","32.0","24.0","57.0","0.0"
"0","Notre Dame","0","Opponent Totals","Neutral","","1522.0","596.0","75.0","1.0","12.0","58.0","31.0","50.0","0.0"
"0","Georgetown (KY)","0","Totals","Neutral","","24.0","9.0","0.0","0.0","0.0","1.0","1.0","0.0","0.0"
"0","Georgetown (KY)","0","Opponent Totals","Neutral","","27.0","14.0","3.0","0.0","0.0","0.0","1.0","2.0","0.0"
"0","Saint Mary's (CA)","0","Totals","Neutral","","1415.0","575.0","58.0","0.0","2.0","28.0","33.0","42.0","0.0"
"0","Saint Mary's (CA)","0","Opponent Totals","Neutral","","1426.0","546.0","57.0","0.0","9.0","25.0","17.0","35.0","0.0"
"0","High Point","0","Totals","Neutral","","1570.0","589.0","89.0","1.0","26.0","78.0","26.0","43.0","0.0"
"0","High Point","0","Opponent Totals","Neutral","","1566.0","706.0","103.0","1.0","11.0","84.0","28.0","52.0","0.0"
"0","George Washington","0","Totals","Neutral","","1448.0","607.0","81.0","1.0","14.0","60.0","27.0","48.0","0.0"
"0","George Washington","0","Opponent Totals","Neutral","","1468.0","578.0","39.0","0.0","12.0","47.0","18.0","41.0","0.0"
"0","North Dakota St.","0","Totals","Neutral","","1527.0","627.0","59.0","4.0","6.0","47.0","19.0","41.0","0.0"
"0","North Dakota St.","0","Opponent Totals","Neutral","","1515.0","655.0","138.0","4.0","9.0","40.0","20.0","40.0","0.0"
"0","Oakland","0","Totals","Neutral","","1425.0","618.0","107.0","1.0","15.0","103.0","33.0","27.0","0.0"
"0","Oakland","0","Opponent Totals","Neutral","","1462.0","640.0","87.0","1.0","15.0","68.0","28.0","43.0","0.0"
"0","Georgia Tech","0","Totals","Neutral","","1709.0","656.0","95.0","3.0","9.0","72.0","24.0","57.0","0.0"
"0","Georgia Tech","0","Opponent Totals","Neutral","","1683.0","659.0","81.0","3.0","11.0","80.0","30.0","57.0","0.0"
"0","UNCG","0","Totals","Neutral","","75.0","29.0","3.0","0.0","0.0","2.0","3.0","4.0","0.0"
"0","UNCG","0","Opponent Totals","Neutral","","81.0","35.0","5.0","0.0","0.0","0.0","1.0","4.0","0.0"
"0","LSU-Alexandria","0","Totals","Neutral","","24.0","6.0","0.0","0.0","1.0","3.0","0.0","0.0","0.0"
"0","LSU-Alexandria","0","Opponent Totals","Neutral","","27.0","13.0","1.0","0.0","3.0","0.0","0.0","1.0","0.0"
"0","Jacksonville","0","Totals","Neutral","","1464.0","603.0","104.0","1.0","32.0","47.0","20.0","44.0","0.0"
"0","Jacksonville","0","Opponent Totals","Neutral","","1474.0","588.0","63.0","2.0","10.0","96.0","21.0","41.0","0.0"
"0","Buffalo","0","Totals","Neutral","","1432.0","520.0","72.0","0.0","6.0","24.0","20.0","39.0","0.0"
"0","Buffalo","0","Opponent Totals","Neutral","","1471.0","527.0","76.0","0.0","10.0","32.0","22.0","39.0","0.0"
"0","Illinois Col.","0","Totals","Neutral","","24.0","12.0","3.0","0.0","0.0","1.0","1.0","1.0","0.0"
"0","Illinois Col.","0","Opponent Totals","Neutral","","27.0","11.0","4.0","0.0","2.0","0.0","0.0","0.0","0.0"
"0","UCLA","0","Totals","Neutral","","1707.0","641.0","58.0","0.0","10.0","32.0","27.0","55.0","1.0"
"0","UCLA","0","Opponent Totals","Neutral","","1648.0","718.0","73.0","0.0","18.0","60.0","36.0","52.0","0.0"
"0","Campbell","0","Totals","Neutral","","1574.0","508.0","58.0","0.0","10.0","35.0","17.0","34.0","0.0"
"0","Campbell","0","Opponent Totals","Neutral","","1512.0","593.0","106.0","0.0","17.0","114.0","30.0","33.0","0.0"
"0","Cal St. Fullerton","0","Totals","Neutral","","1518.0","662.0","57.0","2.0","15.0","45.0","18.0","46.0","0.0"
"0","Cal St. Fullerton","0","Opponent Totals","Neutral","","1489.0","661.0","96.0","0.0","14.0","50.0","28.0","47.0","0.0"
"0","Northwestern","0","Totals","Neutral","","1428.0","654.0","81.0","1.0","5.0","43.0","32.0","56.0","0.0"
"0","Northwestern","0","Opponent Totals","Neutral","","1443.0","567.0","68.0","0.0","10.0","30.0","17.0","47.0","0.0"
"0","Bates","0","Totals","Neutral","","24.0","11.0","4.0","0.0","0.0","3.0","0.0","1.0","0.0"
"0","Bates","0","Opponent Totals","Neutral","","27.0","13.0","2.0","0.0","0.0","0.0","0.0","0.0","0.0"
"0","Columbia","0","Totals","Neutral","","1072.0","473.0","61.0","2.0","8.0","45.0","18.0","44.0","0.0"
"0","Columbia","0","Opponent Totals","Neutral","","1090.0","396.0","53.0","0.0","6.0","50.0","19.0","21.0","0.0"
"0","USciences","0","Totals","Neutral","","24.0","7.0","5.0","0.0","0.0","2.0","0.0","0.0","0.0"
"0","USciences","0","Opponent Totals","Neutral","","27.0","4.0","0.0","0.0","1.0","1.0","0.0","0.0","0.0"
"0","Wilmington (OH)","0","Totals","Neutral","","24.0","16.0","4.0","0.0","0.0","1.0","0.0","1.0","0.0"
"0","Wilmington (OH)","0","Opponent Totals","Neutral","","27.0","8.0","0.0","0.0","0.0","0.0","0.0","1.0","0.0"
"0","Miami (FL)","0","Totals","Neutral","","1587.0","659.0","98.0","3.0","14.0","50.0","27.0","57.0","0.0"
"0","Miami (FL)","0","Opponent Totals","Neutral","","1548.0","580.0","83.0","4.0","6.0","76.0","33.0","39.0","0.0"
"0","Arlington Baptist","0","Totals","Neutral","","55.0","30.0","10.0","0.0","1.0","3.0","1.0","1.0","0.0"
"0","Arlington Baptist","0","Opponent Totals","Neutral","","63.0","29.0","3.0","0.0","0.0","3.0","1.0","3.0","0.0"
"0","San Fran. St.","0","Totals","Neutral","","79.0","32.0","8.0","0.0","1.0","7.0","0.0","5.0","0.0"
"0","San Fran. St.","0","Opponent Totals","Neutral","","84.0","38.0","4.0","0.0","0.0","3.0","2.0","4.0","0.0"
"0","Elon","0","Totals","Neutral","","1603.0","668.0","91.0","2.0","13.0","63.0","30.0","56.0","0.0"
"0","Elon","0","Opponent Totals","Neutral","","1588.0","613.0","71.0","1.0","11.0","79.0","33.0","27.0","0.0"
"0","Valparaiso","0","Totals","Neutral","","1652.0","751.0","84.0","3.0","5.0","52.0","31.0","49.0","0.0"
"0","Valparaiso","0","Opponent Totals","Neutral","","1653.0","726.0","86.0","0.0","9.0","47.0","17.0","59.0","0.0"
"0","Cardinal Stritch","0","Totals","Neutral","","24.0","6.0","2.0","0.0","0.0","1.0","0.0","0.0","0.0"
"0","Cardinal Stritch","0","Opponent Totals","Neutral","","27.0","9.0","4.0","0.0","0.0","2.0","1.0","3.0","0.0"
"0","Alabama","0","Totals","Neutral","","1427.0","588.0","65.0","2.0","10.0","56.0","21.0","48.0","0.0"
"0","Alabama","0","Opponent Totals","Neutral","","1440.0","581.0","57.0","3.0","10.0","43.0","19.0","44.0","0.0"
"0","Purdue","0","Totals","Neutral","","1583.0","692.0","73.0","0.0","5.0","27.0","19.0","59.0","0.0"
"0","Purdue","0","Opponent Totals","Neutral","","1554.0","677.0","97.0","0.0","8.0","61.0","27.0","62.0","0.0"
"0","Mississippi St.","0","Totals","Neutral","","1755.0","786.0","81.0","2.0","9.0","53.0","22.0","71.0","0.0"
"0","Mississippi St.","0","Opponent Totals","Neutral","","1705.0","669.0","60.0","0.0","9.0","45.0","26.0","54.0","2.0"
"0","West Virginia","0","Totals","Neutral","","1417.0","572.0","57.0","1.0","24.0","90.0","23.0","36.0","0.0"
"0","West Virginia","0","Opponent Totals","Neutral","","1413.0","615.0","67.0","0.0","16.0","47.0","21.0","43.0","0.0"
"0","Eastern Mich.","0","Totals","Neutral","","1464.0","584.0","88.0","1.0","7.0","60.0","24.0","42.0","1.0"
"0","Eastern Mich.","0","Opponent Totals","Neutral","","1492.0","547.0","87.0","2.0","21.0","45.0","19.0","52.0","0.0"
"0","Harvard","0","Totals","Neutral","","1006.0","447.0","86.0","0.0","6.0","62.0","17.0","27.0","0.0"
"0","Harvard","0","Opponent Totals","Neutral","","1056.0","466.0","43.0","0.0","14.0","41.0","27.0","32.0","0.0"
"0","FGCU","0","Totals","Neutral","","1492.0","525.0","55.0","0.0","12.0","46.0","22.0","33.0","0.0"
"0","FGCU","0","Opponent Totals","Neutral","","1497.0","599.0","73.0","2.0","4.0","22.0","10.0","61.0","0.0"
"0","Missouri St.","0","Totals","Neutral","","1659.0","682.0","75.0","2.0","8.0","39.0","22.0","53.0","0.0"
"0","Missouri St.","0","Opponent Totals","Neutral","","1634.0","654.0","74.0","2.0","11.0","51.0","27.0","55.0","0.0"
"0","Rice","0","Totals","Neutral","","1628.0","692.0","60.0","0.0","7.0","54.0","21.0","46.0","0.0"
"0","Rice","0","Opponent Totals","Neutral","","1576.0","635.0","79.0","1.0","9.0","47.0","17.0","54.0","0.0"
"0","Texas A&M","0","Totals","Neutral","","1611.0","636.0","74.0","1.0","11.0","40.0","23.0","36.0","0.0"
"0","Texas A&M","0","Opponent Totals","Neutral","","1542.0","620.0","79.0","2.0","7.0","124.0","41.0","36.0","0.0"
"0","Davidson","0","Totals","Neutral","","1270.0","486.0","93.0","0.0","10.0","77.0","25.0","17.0","0.0"
"0","Davidson","0","Opponent Totals","Neutral","","1288.0","428.0","65.0","4.0","13.0","68.0","22.0","42.0","0.0"
"0","Otterbein","0","Totals","Neutral","","24.0","8.0","4.0","0.0","0.0","2.0","0.0","0.0","0.0"
"0","Otterbein","0","Opponent Totals","Neutral","","27.0","20.0","2.0","0.0","0.0","0.0","0.0","2.0","0.0"
"0","Bellarmine","0","Totals","Neutral","","24.0","9.0","3.0","0.0","0.0","1.0","0.0","2.0","0.0"
"0","Bellarmine","0","Opponent Totals","Neutral","","27.0","12.0","1.0","0.0","0.0","1.0","0.0","0.0","0.0"
"0","Minnesota","0","Totals","Neutral","","1519.0","680.0","54.0","1.0","14.0","43.0","23.0","41.0","0.0"
"0","Minnesota","0","Opponent Totals","Neutral","","1485.0","626.0","67.0","4.0","9.0","48.0","21.0","50.0","0.0"
"0","UNCW","0","Totals","Neutral","","1651.0","634.0","66.0","3.0","8.0","62.0","17.0","50.0","0.0"
"0","UNCW","0","Opponent Totals","Neutral","","1635.0","638.0","85.0","3.0","9.0","103.0","28.0","52.0","0.0"
"0","San Francisco","0","Totals","Neutral","","1546.0","621.0","54.0","0.0","5.0","46.0","14.0","32.0","0.0"
"0","San Francisco","0","Opponent Totals","Neutral","","1551.0","613.0","63.0","0.0","17.0","41.0","18.0","46.0","0.0"
"0","Lafayette","0","Totals","Neutral","","1288.0","481.0","95.0","0.0","9.0","81.0","18.0","36.0","0.0"
"0","Lafayette","0","Opponent Totals","Neutral","","1340.0","524.0","49.0","2.0","14.0","43.0","18.0","29.0","0.0"
"0","Northwood","0","Totals","Neutral","","24.0","12.0","2.0","0.0","0.0","0.0","2.0","0.0","0.0"
"0","Northwood","0","Opponent Totals","Neutral","","27.0","12.0","0.0","0.0","0.0","0.0","2.0","1.0","0.0"
"0","Florida A&M","0","Totals","Neutral","","1258.0","494.0","124.0","2.0","28.0","133.0","21.0","31.0","0.0"
"0","Florida A&M","0","Opponent Totals","Neutral","","1321.0","579.0","79.0","1.0","16.0","66.0","22.0","42.0","0.0"
"0","St. Mary (KS)","0","Totals","Neutral","","24.0","13.0","0.0","0.0","0.0","1.0","0.0","1.0","0.0"
"0","St. Mary (KS)","0","Opponent Totals","Neutral","","27.0","15.0","2.0","0.0","0.0","0.0","1.0","1.0","0.0"
"0","Regis (CO)","0","Totals","Neutral","","24.0","11.0","1.0","0.0","0.0","1.0","0.0","0.0","0.0"
"0","Regis (CO)","0","Opponent Totals","Neutral","","27.0","9.0","0.0","0.0","0.0","1.0","0.0","0.0","0.0"
"0","Hawaii Pacific","0","Totals","Neutral","","111.0","50.0","6.0","0.0","1.0","4.0","1.0","6.0","0.0"
"0","Hawaii Pacific","0","Opponent Totals","Neutral","","105.0","51.0","6.0","0.0","0.0","3.0","3.0","2.0","0.0"
"0","Ohio","0","Totals","Neutral","","1513.0","655.0","100.0","3.0","28.0","50.0","23.0","49.0","0.0"
"0","Ohio","0","Opponent Totals","Neutral","","1501.0","589.0","71.0","0.0","13.0","47.0","24.0","34.0","0.0"
"0","UMBC","0","Totals","Neutral","","1276.0","521.0","110.0","0.0","14.0","64.0","23.0","35.0","1.0"
"0","UMBC","0","Opponent Totals","Neutral","","1331.0","563.0","73.0","0.0","8.0","53.0","27.0","36.0","1.0"
"0","North Carolina","0","Totals","Neutral","","1692.0","581.0","74.0","1.0","7.0","24.0","11.0","47.0","0.0"
"0","North Carolina","0","Opponent Totals","Neutral","","1629.0","576.0","90.0","1.0","10.0","71.0","19.0","40.0","0.0"
"0","Alabama A&M","0","Totals","Neutral","","1237.0","522.0","102.0","2.0","29.0","142.0","22.0","35.0","0.0"
"0","Alabama A&M","0","Opponent Totals","Neutral","","1279.0","615.0","53.0","1.0","17.0","90.0","42.0","31.0","1.0"
"0","Mt. St. Mary's","0","Totals","Neutral","","1306.0","475.0","81.0","2.0","10.0","66.0","33.0","34.0","0.0"
"0","Mt. St. Mary's","0","Opponent Totals","Neutral","","1351.0","616.0","65.0","1.0","11.0","46.0","23.0","27.0","0.0"
"0","Anderson (IN)","0","Totals","Neutral","","27.0","6.0","2.0","0.0","0.0","3.0","0.0","0.0","0.0"
"0","Anderson (IN)","0","Opponent Totals","Neutral","","27.0","7.0","1.0","0.0","0.0","0.0","0.0","0.0","0.0"
"0","UTSA","0","Totals","Neutral","","1428.0","588.0","74.0","0.0","11.0","89.0","33.0","43.0","0.0"
"0","UTSA","0","Opponent Totals","Neutral","","1430.0","557.0","83.0","3.0","0.0","74.0","22.0","33.0","1.0"
"0","Fordham","0","Totals","Neutral","","1467.0","657.0","93.0","2.0","11.0","92.0","29.0","45.0","0.0"
"0","Fordham","0","Opponent Totals","Neutral","","1493.0","601.0","58.0","0.0","16.0","71.0","33.0","38.0","0.0"
"0","USC Upstate","0","Totals","Neutral","","1419.0","600.0","71.0","1.0","9.0","45.0","37.0","37.0","0.0"
"0","USC Upstate","0","Opponent Totals","Neutral","","1392.0","569.0","74.0","0.0","16.0","22.0","7.0","33.0","0.0"
"0","Villanova","0","Totals","Neutral","","1464.0","619.0","69.0","2.0","17.0","80.0","26.0","38.0","0.0"
"0","Villanova","0","Opponent Totals","Neutral","","1467.0","528.0","91.0","3.0","22.0","64.0","25.0","35.0","0.0"
"0","Wiley","0","Totals","Neutral","","123.0","45.0","15.0","0.0","0.0","12.0","2.0","2.0","0.0"
"0","Wiley","0","Opponent Totals","Neutral","","138.0","51.0","10.0","0.0","3.0","3.0","1.0","2.0","0.0"
"0","Fla. Atlantic","0","Totals","Neutral","","1442.0","481.0","63.0","1.0","9.0","42.0","15.0","43.0","0.0"
"0","Fla. Atlantic","0","Opponent Totals","Neutral","","1421.0","541.0","58.0","0.0","14.0","41.0","21.0","45.0","0.0"
"0","UTRGV","0","Totals","Neutral","","1310.0","552.0","81.0","1.0","3.0","66.0","29.0","64.0","0.0"
"0","UTRGV","0","Opponent Totals","Neutral","","1288.0","592.0","90.0","1.0","10.0","46.0","23.0","51.0","0.0"
"0","Appalachian St.","0","Totals","Neutral","","1554.0","652.0","72.0","0.0","4.0","40.0","19.0","51.0","0.0"
"0","Appalachian St.","0","Opponent Totals","Neutral","","1517.0","611.0","81.0","2.0","10.0","94.0","24.0","39.0","0.0"
"0","Georgetown","0","Totals","Neutral","","1414.0","637.0","91.0","1.0","14.0","42.0","28.0","55.0","0.0"
"0","Georgetown","0","Opponent Totals","Neutral","","1422.0","538.0","84.0","0.0","17.0","71.0","26.0","34.0","0.0"
"0","Edgewood","0","Totals","Neutral","","24.0","11.0","2.0","0.0","0.0","1.0","0.0","0.0","0.0"
"0","Edgewood","0","Opponent Totals","Neutral","","27.0","12.0","0.0","0.0","1.0","1.0","0.0","0.0","0.0"
"0","Vanderbilt","0","Totals","Neutral","","1675.0","612.0","82.0","0.0","10.0","46.0","30.0","46.0","0.0"
"0","Vanderbilt","0","Opponent Totals","Neutral","","1645.0","676.0","74.0","1.0","15.0","92.0","28.0","49.0","0.0"
"0","Kentucky","0","Totals","Neutral","","1710.0","673.0","59.0","0.0","6.0","26.0","21.0","50.0","0.0"
"0","Kentucky","0","Opponent Totals","Neutral","","1654.0","635.0","66.0","0.0","12.0","52.0","15.0","50.0","0.0"
"0","Mt. Marty","0","Totals","Neutral","","24.0","9.0","2.0","0.0","0.0","3.0","0.0","0.0","0.0"
"0","Mt. Marty","0","Opponent Totals","Neutral","","27.0","13.0","0.0","0.0","0.0","1.0","0.0","2.0","0.0"
"0","Monmouth","0","Totals","Neutral","","1475.0","617.0","62.0","0.0","10.0","45.0","21.0","43.0","0.0"
"0","Monmouth","0","Opponent Totals","Neutral","","1462.0","555.0","65.0","1.0","9.0","42.0","15.0","45.0","0.0"
"0","Delaware","0","Totals","Neutral","","1529.0","629.0","79.0","1.0","9.0","44.0","23.0","48.0","0.0"
"0","Delaware","0","Opponent Totals","Neutral","","1530.0","598.0","84.0","0.0","12.0","37.0","18.0","49.0","0.0"
"0","Florida","0","Totals","Neutral","","1803.0","729.0","59.0","0.0","5.0","57.0","22.0","36.0","0.0"
"0","Florida","0","Opponent Totals","Neutral","","1742.0","672.0","67.0","0.0","10.0","66.0","27.0","48.0","0.0"
"0","Troy","0","Totals","Neutral","","1527.0","603.0","62.0","0.0","6.0","38.0","15.0","55.0","0.0"
"0","Troy","0","Opponent Totals","Neutral","","1530.0","540.0","89.0","0.0","16.0","39.0","10.0","41.0","0.0"
"0","Amherst","0","Totals","Neutral","","24.0","6.0","2.0","0.0","0.0","2.0","0.0","0.0","0.0"
"0","Amherst","0","Opponent Totals","Neutral","","27.0","7.0","0.0","0.0","0.0","0.0","0.0","1.0","0.0"
"0","Concordia (OR)","0","Totals","Neutral","","96.0","33.0","12.0","0.0","2.0","3.0","1.0","4.0","0.0"
"0","Concordia (OR)","0","Opponent Totals","Neutral","","108.0","39.0","2.0","0.0","0.0","2.0","1.0","3.0","0.0"
"0","Mars Hill","0","Totals","Neutral","","27.0","12.0","0.0","0.0","0.0","0.0","0.0","2.0","0.0"
"0","Mars Hill","0","Opponent Totals","Neutral","","27.0","12.0","2.0","0.0","2.0","2.0","0.0","1.0","0.0"
"0","Seton Hall","0","Totals","Neutral","","1599.0","646.0","71.0","1.0","17.0","69.0","27.0","39.0","0.0"
"0","Seton Hall","0","Opponent Totals","Neutral","","1582.0","686.0","107.0","1.0","17.0","68.0","17.0","46.0","1.0"
"0","Virginia","0","Totals","Neutral","","1582.0","624.0","63.0","1.0","15.0","59.0","19.0","56.0","0.0"
"0","Virginia","0","Opponent Totals","Neutral","","1528.0","610.0","103.0","3.0","9.0","72.0","36.0","40.0","0.0"
"0","New Mexico St.","0","Totals","Neutral","","1514.0","563.0","84.0","0.0","15.0","58.0","24.0","47.0","0.0"
"0","New Mexico St.","0","Opponent Totals","Neutral","","1493.0","453.0","73.0","0.0","14.0","22.0","9.0","43.0","0.0"
"0","Central Mich.","0","Totals","Neutral","","1654.0","677.0","110.0","1.0","27.0","78.0","30.0","40.0","1.0"
"0","Central Mich.","0","Opponent Totals","Neutral","","1661.0","640.0","104.0","1.0","12.0","35.0","18.0","41.0","0.0"
"0","Portland","0","Totals","Neutral","","1372.0","610.0","59.0","0.0","5.0","53.0","16.0","42.0","0.0"
"0","Portland","0","Opponent Totals","Neutral","","1369.0","538.0","55.0","1.0","11.0","18.0","18.0","38.0","0.0"
"0","Wabash","0","Totals","Neutral","","24.0","8.0","5.0","0.0","0.0","2.0","0.0","0.0","0.0"
"0","Wabash","0","Opponent Totals","Neutral","","27.0","11.0","0.0","0.0","0.0","4.0","0.0","0.0","0.0"
"0","Houston-Victoria","0","Totals","Neutral","","51.0","27.0","2.0","0.0","0.0","5.0","4.0","2.0","0.0"
"0","Houston-Victoria","0","Opponent Totals","Neutral","","54.0","12.0","0.0","0.0","0.0","2.0","1.0","0.0","0.0"
"0","Cal St. East Bay","0","Totals","Neutral","","27.0","11.0","2.0","0.0","0.0","1.0","0.0","1.0","0.0"
"0","Cal St. East Bay","0","Opponent Totals","Neutral","","27.0","8.0","3.0","0.0","0.0","0.0","1.0","1.0","0.0"
"0","South Dakota St.","0","Totals","Neutral","","1293.0","568.0","90.0","0.0","6.0","55.0","27.0","32.0","0.0"
"0","South Dakota St.","0","Opponent Totals","Neutral","","1338.0","504.0","77.0","1.0","10.0","26.0","6.0","47.0","0.0"
"0","UC Santa Barbara","0","Totals","Neutral","","1501.0","610.0","69.0","2.0","23.0","38.0","26.0","55.0","0.0"
"0","UC Santa Barbara","0","Opponent Totals","Neutral","","1500.0","644.0","78.0","0.0","11.0","58.0","36.0","31.0","0.0"
"0","South Carolina","0","Totals","Neutral","","1881.0","680.0","53.0","0.0","2.0","40.0","24.0","51.0","0.0"
"0","South Carolina","0","Opponent Totals","Neutral","","1812.0","653.0","86.0","1.0","12.0","44.0","27.0","38.0","0.0"
"0","Holy Cross","0","Totals","Neutral","","1394.0","545.0","58.0","4.0","14.0","78.0","20.0","36.0","0.0"
"0","Holy Cross","0","Opponent Totals","Neutral","","1398.0","608.0","79.0","0.0","11.0","45.0","35.0","52.0","0.0"
"0","New Orleans","0","Totals","Neutral","","156.0","63.0","12.0","0.0","2.0","22.0","2.0","2.0","0.0"
"0","New Orleans","0","Opponent Totals","Neutral","","168.0","74.0","8.0","0.0","0.0","7.0","1.0","9.0","0.0"
"0","Iona","0","Totals","Neutral","","1312.0","524.0","83.0","5.0","19.0","105.0","28.0","51.0","0.0"
"0","Iona","0","Opponent Totals","Neutral","","1373.0","531.0","63.0","0.0","10.0","72.0","38.0","32.0","0.0"
"0","Oral Roberts","0","Totals","Neutral","","1615.0","699.0","65.0","2.0","8.0","28.0","18.0","51.0","0.0"
"0","Oral Roberts","0","Opponent Totals","Neutral","","1587.0","616.0","92.0","0.0","16.0","33.0","18.0","51.0","0.0"
"0","UMES","0","Totals","Neutral","","1256.0","439.0","135.0","1.0","11.0","121.0","22.0","21.0","0.0"
"0","UMES","0","Opponent Totals","Neutral","","1306.0","550.0","119.0","1.0","14.0","36.0","19.0","42.0","1.0"
"0","Hillsdale","0","Totals","Neutral","","26.0","11.0","2.0","0.0","0.0","0.0","0.0","0.0","0.0"
"0","Hillsdale","0","Opponent Totals","Neutral","","27.0","10.0","0.0","0.0","0.0","1.0","0.0","0.0","0.0"
"0","UT Martin","0","Totals","Neutral","","1394.0","557.0","104.0","0.0","18.0","79.0","24.0","38.0","0.0"
"0","UT Martin","0","Opponent Totals","Neutral","","1440.0","527.0","58.0","0.0","4.0","36.0","14.0","44.0","0.0"
"0","Northwestern Ohio","0","Totals","Neutral","","51.0","16.0","3.0","0.0","1.0","3.0","1.0","1.0","0.0"
"0","Northwestern Ohio","0","Opponent Totals","Neutral","","54.0","19.0","6.0","0.0","0.0","4.0","2.0","1.0","0.0"
"0","Canisius","0","Totals","Neutral","","1525.0","571.0","66.0","0.0","16.0","48.0","15.0","34.0","0.0"
"0","Canisius","0","Opponent Totals","Neutral","","1528.0","741.0","91.0","4.0","11.0","80.0","31.0","52.0","0.0"
"0","Temple","0","Totals","Neutral","","1412.0","563.0","84.0","0.0","7.0","116.0","25.0","22.0","0.0"
"0","Temple","0","Opponent Totals","Neutral","","1435.0","613.0","85.0","0.0","9.0","48.0","21.0","42.0","0.0"
"0","Pacific","0","Totals","Neutral","","1452.0","561.0","77.0","1.0","10.0","61.0","28.0","51.0","0.0"
"0","Pacific","0","Opponent Totals","Neutral","","1486.0","647.0","55.0","0.0","4.0","32.0","38.0","53.0","0.0"
"0","Madonna","0","Totals","Neutral","","27.0","10.0","3.0","0.0","1.0","1.0","0.0","1.0","0.0"
"0","Madonna","0","Opponent Totals","Neutral","","27.0","12.0","0.0","0.0","1.0","1.0","0.0","2.0","0.0"
"0","Toledo","0","Totals","Neutral","","1535.0","624.0","89.0","1.0","8.0","48.0","23.0","49.0","0.0"
"0","Toledo","0","Opponent Totals","Neutral","","1547.0","608.0","79.0","2.0","18.0","53.0","17.0","37.0","0.0"
"0","St. Ambrose","0","Totals","Neutral","","18.0","6.0","1.0","0.0","1.0","0.0","0.0","1.0","0.0"
"0","St. Ambrose","0","Opponent Totals","Neutral","","18.0","9.0","1.0","0.0","0.0","0.0","0.0","0.0","0.0"
"0","Evansville","0","Totals","Neutral","","1578.0","602.0","42.0","0.0","6.0","45.0","27.0","49.0","0.0"
"0","Evansville","0","Opponent Totals","Neutral","","1573.0","649.0","56.0","0.0","19.0","88.0","28.0","44.0","0.0"
"0","Mercer","0","Totals","Neutral","","1568.0","628.0","78.0","1.0","12.0","82.0","27.0","42.0","0.0"
"0","Mercer","0","Opponent Totals","Neutral","","1542.0","546.0","64.0","0.0","15.0","59.0","25.0","29.0","0.0"
"0","Texas St.","0","Totals","Neutral","","1473.0","630.0","79.0","0.0","13.0","44.0","23.0","46.0","0.0"
"0","Texas St.","0","Opponent Totals","Neutral","","1462.0","542.0","66.0","0.0","5.0","79.0","18.0","37.0","0.0"
"0","Notre Dame (OH)","0","Totals","Neutral","","27.0","11.0","0.0","0.0","0.0","1.0","0.0","1.0","0.0"
"0","Notre Dame (OH)","0","Opponent Totals","Neutral","","27.0","12.0","4.0","0.0","0.0","1.0","0.0","0.0","0.0"
"0","Lipscomb","0","Totals","Neutral","","1455.0","614.0","67.0","0.0","12.0","49.0","21.0","42.0","0.0"
"0","Lipscomb","0","Opponent Totals","Neutral","","1442.0","578.0","76.0","0.0","7.0","44.0","17.0","39.0","0.0"
"0","Illinois St.","0","Totals","Neutral","","1344.0","535.0","41.0","0.0","11.0","48.0","15.0","46.0","0.0"
"0","Illinois St.","0","Opponent Totals","Neutral","","1336.0","472.0","72.0","3.0","15.0","80.0","20.0","37.0","0.0"
"0","South Alabama","0","Totals","Neutral","","1502.0","541.0","71.0","0.0","10.0","55.0","33.0","36.0","0.0"
"0","South Alabama","0","Opponent Totals","Neutral","","1518.0","625.0","66.0","8.0","10.0","28.0","15.0","49.0","0.0"
"0","Northern Colo.","0","Totals","Neutral","","1482.0","679.0","104.0","0.0","17.0","67.0","25.0","48.0","0.0"
"0","Northern Colo.","0","Opponent Totals","Neutral","","1502.0","670.0","87.0","5.0","17.0","40.0","29.0","51.0","0.0"
"0","Tuskegee","0","Totals","Neutral","","37.0","17.0","2.0","0.0","3.0","12.0","0.0","2.0","0.0"
"0","Tuskegee","0","Opponent Totals","Neutral","","42.0","19.0","3.0","0.0","2.0","3.0","0.0","0.0","0.0"
"0","Kent St.","0","Totals","Neutral","","1830.0","786.0","68.0","0.0","11.0","33.0","24.0","39.0","0.0"
"0","Kent St.","0","Opponent Totals","Neutral","","1806.0","665.0","105.0","3.0","24.0","52.0","19.0","51.0","0.0"
"0","Ark.-Pine Bluff","0","Totals","Neutral","","1180.0","446.0","80.0","2.0","15.0","88.0","29.0","32.0","0.0"
"0","Ark.-Pine Bluff","0","Opponent Totals","Neutral","","1241.0","587.0","66.0","1.0","13.0","33.0","26.0","30.0","0.0"
"0","Pittsburgh","0","Totals","Neutral","","1458.0","586.0","69.0","0.0","18.0","42.0","28.0","41.0","0.0"
"0","Pittsburgh","0","Opponent Totals","Neutral","","1466.0","580.0","65.0","0.0","13.0","48.0","23.0","50.0","0.0"
"0","Saint Louis","0","Totals","Neutral","","1586.0","732.0","64.0","0.0","12.0","24.0","22.0","55.0","0.0"
"0","Saint Louis","0","Opponent Totals","Neutral","","1547.0","633.0","88.0","0.0","13.0","54.0","27.0","54.0","1.0"
"0","Augsburg","0","Totals","Neutral","","24.0","6.0","3.0","0.0","0.0","1.0","1.0","2.0","0.0"
"0","Augsburg","0","Opponent Totals","Neutral","","27.0","12.0","3.0","0.0","0.0","1.0","0.0","3.0","0.0"
"0","Dartmouth","0","Totals","Neutral","","1045.0","371.0","33.0","0.0","6.0","33.0","16.0","28.0","0.0"
"0","Dartmouth","0","Opponent Totals","Neutral","","1046.0","429.0","54.0","0.0","6.0","29.0","14.0","35.0","0.0"
"0","St. John's (NY)","0","Totals","Neutral","","1681.0","627.0","92.0","1.0","4.0","68.0","20.0","49.0","0.0"
"0","St. John's (NY)","0","Opponent Totals","Neutral","","1662.0","685.0","95.0","0.0","17.0","92.0","25.0","65.0","0.0"
"0","Western Caro.","0","Totals","Neutral","","1485.0","626.0","80.0","0.0","5.0","38.0","23.0","54.0","0.0"
"0","Western Caro.","0","Opponent Totals","Neutral","","1472.0","568.0","76.0","0.0","12.0","74.0","28.0","31.0","0.0"
"0","Auburn","0","Totals","Neutral","","1564.0","661.0","84.0","0.0","7.0","42.0","37.0","52.0","0.0"
"0","Auburn","0","Opponent Totals","Neutral","","1533.0","623.0","83.0","2.0","9.0","113.0","38.0","44.0","0.0"
"0","Niagara","0","Totals","Neutral","","1207.0","513.0","70.0","1.0","16.0","52.0","24.0","30.0","0.0"
"0","Niagara","0","Opponent Totals","Neutral","","1246.0","485.0","90.0","1.0","26.0","54.0","22.0","47.0","0.0"
"0","Purdue Fort Wayne","0","Totals","Neutral","","1369.0","512.0","89.0","0.0","20.0","69.0","22.0","48.0","0.0"
"0","Purdue Fort Wayne","0","Opponent Totals","Neutral","","1434.0","465.0","54.0","0.0","15.0","51.0","23.0","40.0","0.0"
"0","Fresno St.","0","Totals","Neutral","","1586.0","639.0","84.0","0.0","7.0","26.0","23.0","54.0","0.0"
"0","Fresno St.","0","Opponent Totals","Neutral","","1557.0","649.0","65.0","0.0","9.0","60.0","21.0","49.0","1.0"
"0","Air Force","0","Totals","Neutral","","1351.0","609.0","84.0","1.0","9.0","26.0","30.0","37.0","0.0"
"0","Air Force","0","Opponent Totals","Neutral","","1409.0","583.0","64.0","2.0","6.0","34.0","20.0","42.0","0.0"
"0","Eastern Ill.","0","Totals","Neutral","","1531.0","632.0","76.0","1.0","11.0","23.0","23.0","57.0","0.0"
"0","Eastern Ill.","0","Opponent Totals","Neutral","","1563.0","698.0","79.0","0.0","14.0","51.0","34.0","44.0","0.0"
"0","Pepperdine","0","Totals","Neutral","","1586.0","710.0","65.0","1.0","21.0","44.0","21.0","59.0","0.0"
"0","Pepperdine","0","Opponent Totals","Neutral","","1548.0","629.0","73.0","0.0","11.0","48.0","13.0","46.0","0.0"
"0","Houston Baptist","0","Totals","Neutral","","1553.0","661.0","100.0","2.0","4.0","43.0","28.0","55.0","0.0"
"0","Houston Baptist","0","Opponent Totals","Neutral","","1574.0","633.0","105.0","0.0","16.0","29.0","26.0","45.0","0.0"
"0","Quinnipiac","0","Totals","Neutral","","1103.0","404.0","69.0","0.0","10.0","75.0","16.0","23.0","0.0"
"0","Quinnipiac","0","Opponent Totals","Neutral","","1159.0","557.0","56.0","0.0","6.0","24.0","12.0","40.0","0.0"
"0","Southern Ill.","0","Totals","Neutral","","1569.0","550.0","109.0","0.0","12.0","86.0","26.0","39.0","0.0"
"0","Southern Ill.","0","Opponent Totals","Neutral","","1560.0","596.0","70.0","0.0","18.0","51.0","12.0","46.0","2.0"
"0","UNLV","0","Totals","Neutral","","1500.0","603.0","82.0","3.0","15.0","81.0","12.0","49.0","0.0"
"0","UNLV","0","Opponent Totals","Neutral","","1504.0","595.0","79.0","0.0","9.0","43.0","19.0","54.0","0.0"
"0","Tennessee","0","Totals","Neutral","","1486.0","593.0","65.0","1.0","12.0","41.0","24.0","34.0","0.0"
"0","Tennessee","0","Opponent Totals","Neutral","","1471.0","697.0","65.0","0.0","6.0","73.0","40.0","51.0","0.0"
"0","Maine","0","Totals","Neutral","","1394.0","561.0","66.0","0.0","7.0","68.0","33.0","49.0","0.0"
"0","Maine","0","Opponent Totals","Neutral","","1418.0","623.0","93.0","1.0","8.0","70.0","24.0","36.0","0.0"
"0","Lehigh","0","Totals","Neutral","","1220.0","513.0","83.0","0.0","11.0","47.0","32.0","34.0","0.0"
"0","Lehigh","0","Opponent Totals","Neutral","","1244.0","548.0","71.0","2.0","7.0","70.0","18.0","41.0","0.0"
"0","Dayton","0","Totals","Neutral","","1648.0","713.0","108.0","1.0","14.0","64.0","35.0","48.0","1.0"
"0","Dayton","0","Opponent Totals","Neutral","","1663.0","607.0","94.0","0.0","16.0","164.0","34.0","36.0","0.0"
"0","MacMurray","0","Totals","Neutral","","14.0","6.0","2.0","0.0","0.0","6.0","1.0","1.0","0.0"
"0","MacMurray","0","Opponent Totals","Neutral","","15.0","6.0","1.0","0.0","0.0","0.0","1.0","0.0","0.0"
"0","Lamar University","0","Totals","Neutral","","1375.0","556.0","74.0","0.0","6.0","60.0","23.0","37.0","0.0"
"0","Lamar University","0","Opponent Totals","Neutral","","1387.0","569.0","41.0","0.0","5.0","38.0","20.0","50.0","0.0"
"0","Ball St.","0","Totals","Neutral","","1333.0","497.0","85.0","1.0","20.0","65.0","20.0","37.0","0.0"
"0","Ball St.","0","Opponent Totals","Neutral","","1392.0","578.0","63.0","0.0","10.0","45.0","27.0","30.0","0.0"
"0","N.C. A&T","0","Totals","Neutral","","1404.0","626.0","103.0","1.0","18.0","88.0","25.0","41.0","0.0"
"0","N.C. A&T","0","Opponent Totals","Neutral","","1425.0","581.0","91.0","1.0","18.0","70.0","24.0","43.0","0.0"
"0","Northern Ill.","0","Totals","Neutral","","1439.0","567.0","85.0","1.0","16.0","89.0","33.0","41.0","0.0"
"0","Northern Ill.","0","Opponent Totals","Neutral","","1484.0","603.0","86.0","3.0","12.0","58.0","23.0","37.0","0.0"
"0","Arkansas St.","0","Totals","Neutral","","1504.0","562.0","57.0","3.0","20.0","63.0","12.0","42.0","0.0"
"0","Arkansas St.","0","Opponent Totals","Neutral","","1475.0","570.0","71.0","0.0","16.0","58.0","10.0","37.0","0.0"
"0","Central Conn. St.","0","Totals","Neutral","","1263.0","529.0","63.0","0.0","6.0","47.0","14.0","40.0","0.0"
"0","Central Conn. St.","0","Opponent Totals","Neutral","","1273.0","568.0","82.0","5.0","4.0","29.0","18.0","45.0","0.0"
"0","Wis. Lutheran","0","Totals","Neutral","","24.0","6.0","4.0","0.0","0.0","3.0","0.0","0.0","0.0"
"0","Wis. Lutheran","0","Opponent Totals","Neutral","","27.0","18.0","2.0","0.0","0.0","0.0","1.0","2.0","0.0"
"0","Boston College","0","Totals","Neutral","","1434.0","543.0","76.0","0.0","20.0","67.0","30.0","50.0","0.0"
"0","Boston College","0","Opponent Totals","Neutral","","1457.0","565.0","54.0","3.0","8.0","35.0","24.0","51.0","0.0"
"0","Washington St.","0","Totals","Neutral","","1482.0","664.0","49.0","2.0","19.0","27.0","26.0","63.0","0.0"
"0","Washington St.","0","Opponent Totals","Neutral","","1493.0","632.0","68.0","0.0","13.0","74.0","27.0","50.0","0.0"
"0","Ole Miss","0","Totals","Neutral","","1661.0","620.0","56.0","1.0","9.0","55.0","24.0","41.0","0.0"
"0","Ole Miss","0","Opponent Totals","Neutral","","1628.0","647.0","71.0","0.0","4.0","38.0","15.0","61.0","0.0"
"0","Saint Joseph's","0","Totals","Neutral","","1525.0","674.0","70.0","0.0","9.0","54.0","29.0","48.0","0.0"
"0","Saint Joseph's","0","Opponent Totals","Neutral","","1520.0","667.0","71.0","0.0","12.0","42.0","24.0","42.0","0.0"
"0","Duke","0","Totals","Neutral","","1452.0","491.0","66.0","1.0","10.0","45.0","28.0","27.0","0.0"
"0","Duke","0","Opponent Totals","Neutral","","1466.0","627.0","55.0","0.0","13.0","52.0","23.0","40.0","0.0"
"0","Tennessee Tech","0","Totals","Neutral","","1408.0","474.0","65.0","0.0","10.0","49.0","18.0","29.0","0.0"
"0","Tennessee Tech","0","Opponent Totals","Neutral","","1408.0","561.0","69.0","0.0","6.0","26.0","10.0","65.0","0.0"
"0","UConn","0","Totals","Neutral","","1561.0","635.0","98.0","0.0","18.0","58.0","21.0","38.0","0.0"
"0","UConn","0","Opponent Totals","Neutral","","1572.0","669.0","81.0","1.0","17.0","77.0","39.0","50.0","0.0"
"0","St. Anselm","0","Totals","Neutral","","24.0","6.0","3.0","0.0","1.0","1.0","0.0","0.0","0.0"
"0","St. Anselm","0","Opponent Totals","Neutral","","27.0","10.0","3.0","0.0","0.0","2.0","1.0","2.0","0.0"
"0","Urbana","0","Totals","Neutral","","15.0","7.0","0.0","0.0","0.0","0.0","0.0","0.0","0.0"
"0","Urbana","0","Opponent Totals","Neutral","","18.0","10.0","1.0","0.0","0.0","0.0","0.0","2.0","0.0"
"0","Texas Tech","0","Totals","Neutral","","1477.0","676.0","65.0","0.0","6.0","42.0","15.0","49.0","0.0"
"0","Texas Tech","0","Opponent Totals","Neutral","","1454.0","593.0","69.0","0.0","5.0","87.0","24.0","42.0","0.0"
"0","Tulane","0","Totals","Neutral","","1543.0","670.0","50.0","0.0","4.0","54.0","28.0","50.0","0.0"
"0","Tulane","0","Opponent Totals","Neutral","","1492.0","625.0","56.0","0.0","15.0","59.0","22.0","69.0","0.0"
"0","Fairfield","0","Totals","Neutral","","1355.0","605.0","72.0","2.0","10.0","51.0","18.0","52.0","0.0"
"0","Fairfield","0","Opponent Totals","Neutral","","1369.0","537.0","91.0","0.0","17.0","59.0","15.0","42.0","0.0"
"0","Houston","0","Totals","Neutral","","1429.0","616.0","97.0","0.0","11.0","73.0","23.0","37.0","0.0"
"0","Houston","0","Opponent Totals","Neutral","","1447.0","587.0","53.0","0.0","11.0","55.0","17.0","39.0","0.0"
"0","Indiana","0","Totals","Neutral","","1622.0","674.0","108.0","2.0","26.0","50.0","37.0","50.0","0.0"
"0","Indiana","0","Opponent Totals","Neutral","","1631.0","693.0","71.0","0.0","13.0","74.0","33.0","50.0","0.0"
"0","Ill. Springfield","0","Totals","Neutral","","18.0","5.0","1.0","0.0","0.0","1.0","0.0","1.0","0.0"
"0","Ill. Springfield","0","Opponent Totals","Neutral","","21.0","6.0","0.0","0.0","0.0","0.0","0.0","1.0","0.0"
"0","Michigan St.","0","Totals","Neutral","","1671.0","684.0","69.0","0.0","6.0","48.0","33.0","47.0","1.0"
"0","Michigan St.","0","Opponent Totals","Neutral","","1649.0","709.0","98.0","3.0","16.0","62.0","23.0","68.0","0.0"
"0","Utah Valley","0","Totals","Neutral","","1482.0","641.0","68.0","0.0","10.0","35.0","26.0","53.0","1.0"
"0","Utah Valley","0","Opponent Totals","Neutral","","1444.0","565.0","92.0","1.0","9.0","54.0","24.0","59.0","0.0"
"0","Cincinnati","0","Totals","Neutral","","1515.0","640.0","76.0","2.0","16.0","46.0","22.0","41.0","0.0"
"0","Cincinnati","0","Opponent Totals","Neutral","","1529.0","543.0","64.0","0.0","4.0","69.0","24.0","34.0","0.0"
"0","North Florida","0","Totals","Neutral","","1453.0","619.0","73.0","1.0","7.0","34.0","20.0","59.0","0.0"
"0","North Florida","0","Opponent Totals","Neutral","","1446.0","558.0","76.0","0.0","14.0","44.0","19.0","41.0","0.0"
"0","Texas Col.","0","Totals","Neutral","","137.0","55.0","6.0","0.0","1.0","10.0","2.0","6.0","1.0"
"0","Texas Col.","0","Opponent Totals","Neutral","","150.0","59.0","7.0","0.0","2.0","8.0","2.0","5.0","0.0"
"0","Southeast Mo. St.","0","Totals","Neutral","","1521.0","590.0","73.0","0.0","23.0","46.0","20.0","45.0","0.0"
"0","Southeast Mo. St.","0","Opponent Totals","Neutral","","1527.0","540.0","77.0","1.0","11.0","30.0","9.0","57.0","0.0"
"0","La Salle","0","Totals","Neutral","","1411.0","579.0","79.0","0.0","10.0","62.0","20.0","39.0","0.0"
"0","La Salle","0","Opponent Totals","Neutral","","1450.0","625.0","70.0","0.0","3.0","34.0","27.0","46.0","0.0"
"0","LIU Brooklyn","0","Totals","Neutral","","1363.0","668.0","57.0","2.0","11.0","44.0","31.0","50.0","0.0"
"0","LIU Brooklyn","0","Opponent Totals","Neutral","","1387.0","516.0","67.0","0.0","17.0","39.0","22.0","29.0","0.0"
"0","San Diego St.","0","Totals","Neutral","","1585.0","587.0","76.0","0.0","14.0","46.0","29.0","48.0","0.0"
"0","San Diego St.","0","Opponent Totals","Neutral","","1586.0","687.0","97.0","3.0","16.0","68.0","30.0","49.0","0.0"
"0","Saint Martin's","0","Totals","Neutral","","24.0","7.0","1.0","0.0","0.0","0.0","1.0","1.0","0.0"
"0","Saint Martin's","0","Opponent Totals","Neutral","","27.0","11.0","2.0","0.0","0.0","0.0","0.0","2.0","0.0"
"0","Southern U.","0","Totals","Neutral","","1287.0","470.0","75.0","1.0","9.0","59.0","25.0","42.0","0.0"
"0","Southern U.","0","Opponent Totals","Neutral","","1261.0","505.0","87.0","0.0","21.0","38.0","25.0","32.0","0.0"
"0","A&M-Corpus Christi","0","Totals","Neutral","","1455.0","596.0","90.0","0.0","5.0","66.0","22.0","44.0","0.0"
"0","A&M-Corpus Christi","0","Opponent Totals","Neutral","","1477.0","666.0","78.0","0.0","6.0","62.0","34.0","56.0","0.0"
"0","Sacramento St.","0","Totals","Neutral","","1564.0","660.0","47.0","0.0","11.0","46.0","25.0","54.0","0.0"
"0","Sacramento St.","0","Opponent Totals","Neutral","","1556.0","562.0","70.0","1.0","3.0","31.0","13.0","57.0","0.0"
"0","La.-Monroe","0","Totals","Neutral","","1664.0","682.0","70.0","1.0","23.0","57.0","24.0","53.0","0.0"
"0","La.-Monroe","0","Opponent Totals","Neutral","","1670.0","562.0","75.0","0.0","12.0","79.0","29.0","26.0","0.0"
"0","Stanford","0","Totals","Neutral","","1617.0","599.0","79.0","2.0","20.0","28.0","16.0","36.0","0.0"
"0","Stanford","0","Opponent Totals","Neutral","","1572.0","590.0","89.0","0.0","15.0","39.0","11.0","42.0","0.0"
"0","Presbyterian","0","Totals","Neutral","","1443.0","482.0","68.0","0.0","7.0","84.0","15.0","32.0","0.0"
"0","Presbyterian","0","Opponent Totals","Neutral","","1474.0","527.0","64.0","0.0","9.0","42.0","24.0","31.0","0.0"
"0","Va. Wesleyan","0","Totals","Neutral","","27.0","8.0","3.0","0.0","1.0","6.0","0.0","1.0","0.0"
"0","Va. Wesleyan","0","Opponent Totals","Neutral","","27.0","19.0","0.0","0.0","0.0","0.0","0.0","3.0","0.0"
"0","Illinois","0","Totals","Neutral","","1392.0","570.0","56.0","1.0","6.0","54.0","14.0","69.0","0.0"
"0","Illinois","0","Opponent Totals","Neutral","","1386.0","586.0","72.0","0.0","15.0","78.0","43.0","42.0","0.0"
"0","Brevard","0","Totals","Neutral","","27.0","11.0","2.0","0.0","0.0","2.0","2.0","1.0","0.0"
"0","Brevard","0","Opponent Totals","Neutral","","27.0","7.0","1.0","0.0","0.0","0.0","0.0","0.0","0.0"
"0","Manhattan","0","Totals","Neutral","","1495.0","616.0","69.0","0.0","9.0","70.0","30.0","39.0","0.0"
"0","Manhattan","0","Opponent Totals","Neutral","","1512.0","647.0","62.0","1.0","15.0","83.0","22.0","49.0","0.0"
"0","Georgia","0","Totals","Neutral","","1537.0","665.0","49.0","0.0","13.0","67.0","28.0","52.0","0.0"
"0","Georgia","0","Opponent Totals","Neutral","","1501.0","555.0","51.0","0.0","11.0","62.0","12.0","40.0","0.0"
"0","West Florida","0","Totals","Neutral","","75.0","30.0","6.0","0.0","1.0","4.0","0.0","1.0","0.0"
"0","West Florida","0","Opponent Totals","Neutral","","66.0","29.0","3.0","0.0","2.0","7.0","0.0","0.0","0.0"
"0","Mid-Amer. Christian","0","Totals","Neutral","","24.0","9.0","1.0","0.0","1.0","1.0","0.0","0.0","0.0"
"0","Mid-Amer. Christian","0","Opponent Totals","Neutral","","27.0","11.0","0.0","0.0","0.0","0.0","0.0","1.0","0.0"
"0","St. Bonaventure","0","Totals","Neutral","","1248.0","446.0","57.0","0.0","10.0","64.0","29.0","28.0","0.0"
"0","St. Bonaventure","0","Opponent Totals","Neutral","","1258.0","516.0","76.0","1.0","21.0","19.0","10.0","41.0","1.0"
"0","Valley City St.","0","Totals","Neutral","","66.0","25.0","16.0","0.0","0.0","13.0","0.0","2.0","0.0"
"0","Valley City St.","0","Opponent Totals","Neutral","","75.0","39.0","4.0","0.0","1.0","4.0","1.0","7.0","0.0"
"0","Louisville","0","Totals","Neutral","","1682.0","628.0","87.0","0.0","12.0","44.0","21.0","43.0","0.0"
"0","Louisville","0","Opponent Totals","Neutral","","1631.0","680.0","83.0","0.0","16.0","96.0","24.0","40.0","0.0"
"0","Washington","0","Totals","Neutral","","1455.0","563.0","46.0","0.0","8.0","31.0","22.0","26.0","0.0"
"0","Washington","0","Opponent Totals","Neutral","","1450.0","687.0","69.0","2.0","9.0","31.0","27.0","54.0","0.0"
"0","Santa Clara","0","Totals","Neutral","","1439.0","594.0","51.0","0.0","17.0","35.0","24.0","43.0","0.0"
"0","Santa Clara","0","Opponent Totals","Neutral","","1435.0","595.0","75.0","1.0","14.0","73.0","38.0","41.0","0.0"
"0","Ohio St.","0","Totals","Neutral","","1593.0","671.0","78.0","1.0","12.0","60.0","28.0","64.0","0.0"
"0","Ohio St.","0","Opponent Totals","Neutral","","1580.0","675.0","82.0","1.0","4.0","86.0","26.0","43.0","0.0"
"0","Taylor (IN)","0","Totals","Neutral","","24.0","8.0","2.0","0.0","0.0","3.0","0.0","1.0","0.0"
"0","Taylor (IN)","0","Opponent Totals","Neutral","","27.0","10.0","2.0","1.0","0.0","1.0","0.0","2.0","0.0"
"0","Gardner-Webb","0","Totals","Neutral","","1595.0","639.0","90.0","1.0","12.0","77.0","32.0","48.0","0.0"
"0","Gardner-Webb","0","Opponent Totals","Neutral","","1565.0","627.0","96.0","0.0","14.0","75.0","24.0","56.0","0.0"
"0","Colby","0","Totals","Neutral","","24.0","15.0","2.0","0.0","0.0","1.0","1.0","1.0","0.0"
"0","Colby","0","Opponent Totals","Neutral","","27.0","18.0","2.0","0.0","1.0","4.0","3.0","1.0","0.0"
"0","Army West Point","0","Totals","Neutral","","1422.0","723.0","56.0","2.0","7.0","25.0","27.0","48.0","1.0"
"0","Army West Point","0","Opponent Totals","Neutral","","1384.0","648.0","106.0","0.0","14.0","109.0","30.0","36.0","0.0"
"0","Baker","0","Totals","Neutral","","24.0","9.0","1.0","0.0","0.0","2.0","2.0","1.0","0.0"
"0","Baker","0","Opponent Totals","Neutral","","27.0","12.0","0.0","0.0","0.0","2.0","2.0","0.0","0.0"
"0","Missouri","0","Totals","Neutral","","1606.0","619.0","71.0","1.0","4.0","71.0","25.0","29.0","0.0"
"0","Missouri","0","Opponent Totals","Neutral","","1584.0","678.0","94.0","2.0","16.0","63.0","26.0","55.0","0.0"
"0","Davenport","0","Totals","Neutral","","24.0","4.0","5.0","0.0","0.0","3.0","0.0","0.0","0.0"
"0","Davenport","0","Opponent Totals","Neutral","","27.0","10.0","1.0","0.0","1.0","1.0","1.0","1.0","0.0"
"0","Lock Haven","0","Totals","Neutral","","24.0","8.0","0.0","0.0","1.0","1.0","0.0","1.0","0.0"
"0","Lock Haven","0","Opponent Totals","Neutral","","27.0","6.0","2.0","0.0","0.0","0.0","0.0","0.0","0.0"
"0","Prairie View","0","Totals","Neutral","","1329.0","551.0","83.0","1.0","18.0","57.0","26.0","51.0","0.0"
"0","Prairie View","0","Opponent Totals","Neutral","","1331.0","534.0","87.0","2.0","19.0","70.0","15.0","38.0","0.0"
"0","Ala.-Huntsville","0","Totals","Neutral","","27.0","9.0","1.0","0.0","0.0","0.0","2.0","2.0","0.0"
"0","Ala.-Huntsville","0","Opponent Totals","Neutral","","24.0","12.0","6.0","1.0","1.0","1.0","0.0","1.0","0.0"
"0","Dallas","0","Totals","Neutral","","22.0","6.0","4.0","0.0","1.0","1.0","0.0","1.0","0.0"
"0","Dallas","0","Opponent Totals","Neutral","","24.0","6.0","2.0","0.0","0.0","3.0","0.0","0.0","0.0"
"0","Sioux Falls","0","Totals","Neutral","","24.0","12.0","2.0","0.0","0.0","0.0","0.0","2.0","0.0"
"0","Sioux Falls","0","Opponent Totals","Neutral","","27.0","10.0","2.0","0.0","0.0","0.0","1.0","0.0","0.0"
"0","Siena","0","Totals","Neutral","","1310.0","545.0","94.0","0.0","14.0","60.0","34.0","42.0","0.0"
"0","Siena","0","Opponent Totals","Neutral","","1366.0","600.0","66.0","1.0","10.0","26.0","15.0","54.0","0.0"
"0","Western Mich.","0","Totals","Neutral","","1453.0","608.0","101.0","2.0","18.0","44.0","17.0","54.0","0.0"
"0","Western Mich.","0","Opponent Totals","Neutral","","1471.0","645.0","90.0","0.0","9.0","41.0","26.0","42.0","0.0"
"0","Rutgers","0","Totals","Neutral","","1487.0","551.0","75.0","2.0","10.0","50.0","23.0","43.0","0.0"
"0","Rutgers","0","Opponent Totals","Neutral","","1492.0","647.0","77.0","0.0","14.0","61.0","27.0","48.0","0.0"
"0","Hawaii","0","Totals","Neutral","","1470.0","633.0","61.0","1.0","14.0","51.0","15.0","47.0","0.0"
"0","Hawaii","0","Opponent Totals","Neutral","","1428.0","599.0","73.0","0.0","4.0","48.0","18.0","48.0","0.0"
"0","West Virginia St.","0","Totals","Neutral","","24.0","15.0","1.0","0.0","0.0","1.0","1.0","0.0","0.0"
"0","West Virginia St.","0","Opponent Totals","Neutral","","27.0","10.0","0.0","0.0","2.0","0.0","0.0","1.0","0.0"
"0","New Mexico","0","Totals","Neutral","","1625.0","652.0","75.0","1.0","14.0","60.0","26.0","55.0","0.0"
"0","New Mexico","0","Opponent Totals","Neutral","","1592.0","684.0","93.0","0.0","13.0","60.0","20.0","45.0","0.0"
"0","East Carolina","0","Totals","Neutral","","1652.0","700.0","69.0","1.0","12.0","29.0","15.0","54.0","0.0"
"0","East Carolina","0","Opponent Totals","Neutral","","1621.0","708.0","82.0","0.0","11.0","44.0","24.0","70.0","0.0"
"0","Ga. Southern","0","Totals","Neutral","","1596.0","566.0","73.0","1.0","18.0","128.0","24.0","29.0","0.0"
"0","Ga. Southern","0","Opponent Totals","Neutral","","1582.0","708.0","102.0","0.0","12.0","88.0","22.0","60.0","0.0"
"0","Francis Marion","0","Totals","Neutral","","27.0","16.0","1.0","0.0","0.0","0.0","0.0","1.0","0.0"
"0","Francis Marion","0","Opponent Totals","Neutral","","24.0","7.0","0.0","0.0","0.0","1.0","0.0","0.0","0.0"
"0","Marist","0","Totals","Neutral","","1286.0","602.0","60.0","0.0","17.0","60.0","17.0","41.0","0.0"
"0","Marist","0","Opponent Totals","Neutral","","1303.0","557.0","71.0","0.0","11.0","25.0","16.0","27.0","0.0"
"0","Marian (IN)","0","Totals","Neutral","","24.0","9.0","4.0","0.0","1.0","2.0","0.0","0.0","0.0"
"0","Marian (IN)","0","Opponent Totals","Neutral","","27.0","12.0","0.0","0.0","0.0","2.0","0.0","0.0","0.0"
"0","Akron","0","Totals","Neutral","","1435.0","594.0","92.0","0.0","13.0","49.0","29.0","49.0","0.0"
"0","Akron","0","Opponent Totals","Neutral","","1489.0","578.0","71.0","1.0","13.0","46.0","20.0","50.0","0.0"
"0","Charlotte","0","Totals","Neutral","","1409.0","597.0","80.0","0.0","13.0","64.0","27.0","43.0","0.0"
"0","Charlotte","0","Opponent Totals","Neutral","","1413.0","598.0","74.0","0.0","9.0","84.0","25.0","47.0","0.0"
"0","Indiana St.","0","Totals","Neutral","","1650.0","719.0","62.0","1.0","5.0","35.0","21.0","51.0","1.0"
"0","Indiana St.","0","Opponent Totals","Neutral","","1621.0","648.0","92.0","0.0","11.0","49.0","15.0","58.0","0.0"
"0","Western Ky.","0","Totals","Neutral","","1605.0","608.0","65.0","2.0","12.0","69.0","30.0","34.0","0.0"
"0","Western Ky.","0","Opponent Totals","Neutral","","1602.0","595.0","84.0","0.0","7.0","27.0","23.0","35.0","0.0"
"0","Yale","0","Totals","Neutral","","1093.0","445.0","64.0","1.0","12.0","58.0","18.0","40.0","0.0"
"0","Yale","0","Opponent Totals","Neutral","","1124.0","449.0","54.0","1.0","7.0","44.0","24.0","30.0","0.0"
"0","Benedictine-Sprngfld","0","Totals","Neutral","","52.0","25.0","4.0","0.0","0.0","5.0","0.0","1.0","0.0"
"0","Benedictine-Sprngfld","0","Opponent Totals","Neutral","","57.0","25.0","4.0","0.0","1.0","5.0","1.0","4.0","0.0"
"0","Stony Brook","0","Totals","Neutral","","1658.0","675.0","52.0","2.0","12.0","25.0","34.0","53.0","0.0"
"0","Stony Brook","0","Opponent Totals","Neutral","","1618.0","713.0","97.0","0.0","12.0","87.0","33.0","55.0","0.0"
"0","Wake Forest","0","Totals","Neutral","","1501.0","566.0","67.0","0.0","15.0","65.0","22.0","47.0","0.0"
"0","Wake Forest","0","Opponent Totals","Neutral","","1476.0","537.0","76.0","3.0","12.0","83.0","24.0","41.0","0.0"
"0","Xavier","0","Totals","Neutral","","1493.0","581.0","73.0","0.0","14.0","63.0","23.0","26.0","0.0"
"0","Xavier","0","Opponent Totals","Neutral","","1506.0","716.0","78.0","3.0","11.0","50.0","35.0","52.0","0.0"
"0","Southern Miss.","0","Totals","Neutral","","1488.0","634.0","57.0","2.0","12.0","46.0","25.0","50.0","0.0"
"0","Southern Miss.","0","Opponent Totals","Neutral","","1467.0","606.0","77.0","1.0","12.0","57.0","24.0","39.0","0.0"
"0","Berea","0","Totals","Neutral","","24.0","13.0","2.0","0.0","0.0","2.0","1.0","3.0","0.0"
"0","Berea","0","Opponent Totals","Neutral","","27.0","9.0","4.0","0.0","1.0","0.0","0.0","2.0","0.0"
"0","Arizona St.","0","Totals","Neutral","","1497.0","691.0","74.0","0.0","6.0","44.0","21.0","42.0","0.0"
"0","Arizona St.","0","Opponent Totals","Neutral","","1451.0","564.0","68.0","4.0","12.0","60.0","25.0","51.0","0.0"
"0","Winthrop","0","Totals","Neutral","","1374.0","558.0","72.0","1.0","12.0","86.0","24.0","41.0","0.0"
"0","Winthrop","0","Opponent Totals","Neutral","","1395.0","548.0","60.0","0.0","9.0","31.0","12.0","31.0","0.0"
"0","Samford","0","Totals","Neutral","","1711.0","662.0","94.0","1.0","6.0","46.0","19.0","42.0","0.0"
"0","Samford","0","Opponent Totals","Neutral","","1685.0","641.0","78.0","1.0","14.0","49.0","24.0","55.0","0.0"
"0","Bethune-Cookman","0","Totals","Neutral","","1557.0","603.0","80.0","1.0","29.0","97.0","14.0","34.0","0.0"
"0","Bethune-Cookman","0","Opponent Totals","Neutral","","1548.0","633.0","93.0","0.0","24.0","102.0","29.0","46.0","1.0"
"0","Col. of Charleston","0","Totals","Neutral","","1616.0","613.0","84.0","0.0","8.0","57.0","14.0","40.0","0.0"
"0","Col. of Charleston","0","Opponent Totals","Neutral","","1585.0","508.0","62.0","1.0","8.0","63.0","23.0","30.0","0.0"
"0","Hannibal-La Grange","0","Totals","Neutral","","48.0","19.0","4.0","0.0","1.0","0.0","0.0","3.0","0.0"
"0","Hannibal-La Grange","0","Opponent Totals","Neutral","","54.0","24.0","2.0","0.0","5.0","4.0","0.0","0.0","0.0"
"0","Kansas","0","Totals","Neutral","","1550.0","659.0","53.0","1.0","10.0","50.0","26.0","42.0","0.0"
"0","Kansas","0","Opponent Totals","Neutral","","1564.0","621.0","57.0","0.0","11.0","37.0","26.0","47.0","0.0"
"0","Savannah St.","0","Totals","Neutral","","1259.0","495.0","95.0","1.0","21.0","69.0","24.0","37.0","1.0"
"0","Savannah St.","0","Opponent Totals","Neutral","","1294.0","497.0","69.0","1.0","20.0","82.0","29.0","33.0","0.0"
"0","Norfolk St.","0","Totals","Neutral","","1236.0","486.0","96.0","0.0","15.0","65.0","20.0","35.0","0.0"
"0","Norfolk St.","0","Opponent Totals","Neutral","","1229.0","528.0","84.0","1.0","17.0","63.0","26.0","37.0","0.0"
"0","Penn","0","Totals","Neutral","","997.0","392.0","60.0","1.0","11.0","29.0","23.0","29.0","0.0"
"0","Penn","0","Opponent Totals","Neutral","","1006.0","388.0","63.0","0.0","6.0","50.0","18.0","24.0","0.0"
"0","Morehead St.","0","Totals","Neutral","","1437.0","597.0","96.0","2.0","17.0","63.0","20.0","53.0","0.0"
"0","Morehead St.","0","Opponent Totals","Neutral","","1443.0","571.0","77.0","0.0","13.0","62.0","26.0","49.0","0.0"
"0","Iowa","0","Totals","Neutral","","1329.0","570.0","66.0","0.0","9.0","58.0","18.0","36.0","0.0"
"0","Iowa","0","Opponent Totals","Neutral","","1330.0","595.0","70.0","0.0","14.0","59.0","22.0","40.0","0.0"
"0","Texas","0","Totals","Neutral","","1306.0","539.0","62.0","2.0","8.0","25.0","23.0","36.0","0.0"
"0","Texas","0","Opponent Totals","Neutral","","1283.0","511.0","46.0","0.0","8.0","50.0","16.0","25.0","0.0"
"0","Richmond","0","Totals","Neutral","","1513.0","560.0","81.0","0.0","10.0","77.0","25.0","32.0","0.0"
"0","Richmond","0","Opponent Totals","Neutral","","1498.0","535.0","71.0","2.0","16.0","46.0","17.0","37.0","0.0"
"0","UIndy","0","Totals","Neutral","","33.0","10.0","3.0","0.0","0.0","1.0","1.0","0.0","0.0"
"0","UIndy","0","Opponent Totals","Neutral","","31.0","13.0","3.0","0.0","0.0","0.0","0.0","2.0","0.0"
"0","Malone","0","Totals","Neutral","","24.0","8.0","3.0","0.0","0.0","0.0","0.0","0.0","0.0"
"0","Malone","0","Opponent Totals","Neutral","","27.0","11.0","7.0","0.0","0.0","0.0","0.0","1.0","0.0"
"0","Brown","0","Totals","Neutral","","1054.0","415.0","48.0","0.0","11.0","68.0","30.0","29.0","0.0"
"0","Brown","0","Opponent Totals","Neutral","","1105.0","451.0","53.0","0.0","9.0","24.0","16.0","34.0","0.0"
"0","Penn St.","0","Totals","Neutral","","1458.0","567.0","72.0","2.0","13.0","43.0","17.0","43.0","0.0"
"0","Penn St.","0","Opponent Totals","Neutral","","1463.0","543.0","61.0","1.0","15.0","32.0","14.0","31.0","0.0"
"0","Mid-Continent","0","Totals","Neutral","","75.0","16.0","8.0","0.0","2.0","1.0","0.0","2.0","0.0"
"0","Mid-Continent","0","Opponent Totals","Neutral","","81.0","44.0","3.0","0.0","1.0","3.0","1.0","4.0","0.0"
"0","Radford","0","Totals","Neutral","","1525.0","668.0","50.0","0.0","6.0","54.0","25.0","37.0","0.0"
"0","Radford","0","Opponent Totals","Neutral","","1529.0","570.0","86.0","0.0","9.0","74.0","29.0","45.0","0.0"
"0","Liberty","0","Totals","Neutral","","1600.0","613.0","56.0","2.0","9.0","42.0","24.0","59.0","0.0"
"0","Liberty","0","Opponent Totals","Neutral","","1555.0","627.0","105.0","1.0","6.0","85.0","24.0","49.0","0.0"
"0","UNC Asheville","0","Totals","Neutral","","1450.0","563.0","80.0","0.0","6.0","66.0","20.0","38.0","0.0"
"0","UNC Asheville","0","Opponent Totals","Neutral","","1464.0","586.0","69.0","1.0","14.0","40.0","16.0","46.0","0.0"
"0","Nebraska","0","Totals","Neutral","","1551.0","703.0","59.0","0.0","15.0","29.0","27.0","56.0","0.0"
"0","Nebraska","0","Opponent Totals","Neutral","","1515.0","684.0","86.0","2.0","13.0","62.0","19.0","50.0","0.0"
"0","Omaha","0","Totals","Neutral","","1238.0","543.0","74.0","0.0","5.0","50.0","25.0","48.0","0.0"
"0","Omaha","0","Opponent Totals","Neutral","","1319.0","533.0","62.0","3.0","14.0","28.0","11.0","48.0","0.0"
"0","Defiance","0","Totals","Neutral","","24.0","11.0","2.0","0.0","0.0","1.0","0.0","2.0","0.0"
"0","Defiance","0","Opponent Totals","Neutral","","27.0","13.0","2.0","0.0","0.0","0.0","1.0","1.0","0.0"
"0","UC Davis","0","Totals","Neutral","","1532.0","605.0","73.0","0.0","5.0","46.0","23.0","36.0","1.0"
"0","UC Davis","0","Opponent Totals","Neutral","","1538.0","702.0","68.0","0.0","18.0","37.0","26.0","56.0","0.0"
"0","Northeastern","0","Totals","Neutral","","1329.0","535.0","71.0","2.0","6.0","90.0","22.0","45.0","0.0"
"0","Northeastern","0","Opponent Totals","Neutral","","1341.0","569.0","72.0","0.0","13.0","42.0","20.0","47.0","0.0"
"0","Northeastern St.","0","Totals","Neutral","","42.0","16.0","3.0","0.0","0.0","3.0","0.0","2.0","0.0"
"0","Northeastern St.","0","Opponent Totals","Neutral","","48.0","18.0","1.0","0.0","1.0","0.0","2.0","2.0","0.0"
"0","BYU","0","Totals","Neutral","","1292.0","505.0","71.0","1.0","17.0","53.0","19.0","39.0","0.0"
"0","BYU","0","Opponent Totals","Neutral","","1325.0","524.0","63.0","0.0","10.0","42.0","16.0","27.0","0.0"
"0","McNeese","0","Totals","Neutral","","1432.0","656.0","74.0","0.0","8.0","50.0","28.0","49.0","1.0"
"0","McNeese","0","Opponent Totals","Neutral","","1449.0","609.0","65.0","1.0","7.0","55.0","22.0","30.0","0.0"
"0","Wilmington (DE)","0","Totals","Neutral","","24.0","7.0","3.0","0.0","0.0","1.0","0.0","1.0","0.0"
"0","Wilmington (DE)","0","Opponent Totals","Neutral","","27.0","12.0","3.0","0.0","0.0","0.0","0.0","2.0","0.0"
"0","Delaware St.","0","Totals","Neutral","","1364.0","532.0","92.0","0.0","12.0","45.0","14.0","39.0","1.0"
"0","Delaware St.","0","Opponent Totals","Neutral","","1329.0","506.0","122.0","4.0","13.0","89.0","17.0","31.0","0.0"
"0","Bloomfield","0","Totals","Neutral","","48.0","16.0","4.0","0.0","0.0","6.0","2.0","1.0","0.0"
"0","Bloomfield","0","Opponent Totals","Neutral","","54.0","33.0","3.0","0.0","0.0","2.0","1.0","2.0","0.0"
"0","Georgia St.","0","Totals","Neutral","","1454.0","578.0","92.0","1.0","7.0","83.0","34.0","41.0","0.0"
"0","Georgia St.","0","Opponent Totals","Neutral","","1460.0","630.0","76.0","0.0","7.0","45.0","22.0","51.0","0.0"
"0","Central Ark.","0","Totals","Neutral","","1416.0","532.0","64.0","0.0","6.0","58.0","14.0","32.0","0.0"
"0","Central Ark.","0","Opponent Totals","Neutral","","1413.0","580.0","51.0","0.0","16.0","71.0","21.0","47.0","0.0"
"0","Virginia St.","0","Totals","Neutral","","48.0","24.0","5.0","1.0","2.0","1.0","0.0","1.0","0.0"
"0","Virginia St.","0","Opponent Totals","Neutral","","51.0","27.0","1.0","0.0","0.0","1.0","0.0","2.0","0.0"
"0","Louisiana Tech","0","Totals","Neutral","","1428.0","513.0","74.0","5.0","7.0","56.0","19.0","46.0","0.0"
"0","Louisiana Tech","0","Opponent Totals","Neutral","","1427.0","599.0","69.0","0.0","7.0","37.0","25.0","56.0","0.0"
"0","Loyola (LA)","0","Totals","Neutral","","51.0","27.0","3.0","0.0","0.0","2.0","1.0","1.0","0.0"
"0","Loyola (LA)","0","Opponent Totals","Neutral","","54.0","13.0","4.0","0.0","0.0","1.0","1.0","0.0","0.0"
"0","Olivet","0","Totals","Neutral","","24.0","16.0","2.0","0.0","0.0","2.0","1.0","1.0","0.0"
"0","Olivet","0","Opponent Totals","Neutral","","27.0","8.0","3.0","0.0","0.0","0.0","0.0","1.0","0.0"
"0","Culver-Stockton","0","Totals","Neutral","","24.0","10.0","1.0","0.0","0.0","4.0","1.0","0.0","0.0"
"0","Culver-Stockton","0","Opponent Totals","Neutral","","27.0","11.0","0.0","0.0","0.0","0.0","0.0","1.0","0.0"
"0","The Citadel","0","Totals","Neutral","","1533.0","562.0","75.0","0.0","18.0","82.0","22.0","45.0","0.0"
"0","The Citadel","0","Opponent Totals","Neutral","","1534.0","565.0","80.0","1.0","8.0","70.0","23.0","36.0","0.0"
"0","Rider","0","Totals","Neutral","","1415.0","586.0","85.0","0.0","9.0","74.0","16.0","44.0","0.0"
"0","Rider","0","Opponent Totals","Neutral","","1453.0","659.0","102.0","2.0","8.0","75.0","21.0","44.0","0.0"
"0","Southern California","0","Totals","Neutral","","1450.0","605.0","67.0","1.0","7.0","46.0","25.0","43.0","0.0"
"0","Southern California","0","Opponent Totals","Neutral","","1459.0","630.0","75.0","1.0","14.0","43.0","31.0","55.0","0.0"
"0","South Fla.","0","Totals","Neutral","","1610.0","654.0","67.0","0.0","15.0","56.0","15.0","54.0","0.0"
"0","South Fla.","0","Opponent Totals","Neutral","","1563.0","633.0","99.0","0.0","20.0","39.0","20.0","53.0","0.0"
"0","Middle Tenn.","0","Totals","Neutral","","1554.0","621.0","61.0","0.0","9.0","60.0","24.0","61.0","0.0"
"0","Middle Tenn.","0","Opponent Totals","Neutral","","1539.0","589.0","56.0","2.0","12.0","74.0","22.0","45.0","0.0"
"0","Louisiana Col.","0","Totals","Neutral","","24.0","8.0","3.0","0.0","0.0","2.0","1.0","0.0","0.0"
"0","Louisiana Col.","0","Opponent Totals","Neutral","","27.0","11.0","0.0","0.0","0.0","1.0","1.0","1.0","0.0"
"0","Stetson","0","Totals","Neutral","","1559.0","619.0","71.0","0.0","8.0","62.0","21.0","49.0","0.0"
"0","Stetson","0","Opponent Totals","Neutral","","1525.0","708.0","100.0","1.0","11.0","54.0","23.0","48.0","0.0"
"0","Miami (OH)","0","Totals","Neutral","","1551.0","609.0","79.0","0.0","12.0","60.0","29.0","50.0","0.0"
"0","Miami (OH)","0","Opponent Totals","Neutral","","1549.0","693.0","71.0","1.0","8.0","56.0","36.0","44.0","1.0"
"0","Belmont","0","Totals","Neutral","","1700.0","779.0","64.0","0.0","6.0","44.0","17.0","49.0","0.0"
"0","Belmont","0","Opponent Totals","Neutral","","1662.0","662.0","90.0","0.0","9.0","87.0","30.0","37.0","0.0"
"0","North Georgia","0","Totals","Neutral","","24.0","16.0","1.0","0.0","0.0","1.0","2.0","2.0","0.0"
"0","North Georgia","0","Opponent Totals","Neutral","","27.0","14.0","1.0","0.0","0.0","0.0","1.0","2.0","0.0"
"0","Longwood","0","Totals","Neutral","","1215.0","494.0","87.0","1.0","16.0","87.0","15.0","43.0","0.0"
"0","Longwood","0","Opponent Totals","Neutral","","1197.0","458.0","52.0","0.0","9.0","29.0","11.0","24.0","1.0"
"0","Furman","0","Totals","Neutral","","1581.0","627.0","85.0","4.0","16.0","75.0","25.0","45.0","0.0"
"0","Furman","0","Opponent Totals","Neutral","","1580.0","625.0","88.0","0.0","7.0","89.0","20.0","45.0","0.0"
"0","Utah","0","Totals","Neutral","","1470.0","630.0","66.0","0.0","9.0","64.0","40.0","45.0","0.0"
"0","Utah","0","Opponent Totals","Neutral","","1519.0","587.0","60.0","0.0","14.0","19.0","17.0","45.0","1.0"
"0","Youngstown St.","0","Totals","Neutral","","1429.0","509.0","90.0","3.0","15.0","95.0","16.0","28.0","0.0"
"0","Youngstown St.","0","Opponent Totals","Neutral","","1487.0","642.0","66.0","1.0","13.0","34.0","25.0","54.0","0.0"
"0","Hofstra","0","Totals","Neutral","","1458.0","597.0","71.0","1.0","6.0","46.0","23.0","65.0","0.0"
"0","Hofstra","0","Opponent Totals","Neutral","","1458.0","636.0","90.0","1.0","6.0","157.0","58.0","55.0","0.0"
"0","Oregon St.","0","Totals","Neutral","","1600.0","797.0","62.0","2.0","21.0","30.0","38.0","62.0","0.0"
"0","Oregon St.","0","Opponent Totals","Neutral","","1578.0","635.0","74.0","0.0","15.0","40.0","17.0","52.0","0.0"
"0","San Diego","0","Totals","Neutral","","1514.0","610.0","83.0","0.0","12.0","35.0","14.0","44.0","0.0"
"0","San Diego","0","Opponent Totals","Neutral","","1471.0","565.0","62.0","0.0","9.0","45.0","23.0","52.0","0.0"
"0","St. Xavier","0","Totals","Neutral","","27.0","15.0","3.0","0.0","0.0","0.0","1.0","1.0","0.0"
"0","St. Xavier","0","Opponent Totals","Neutral","","27.0","13.0","0.0","0.0","0.0","0.0","1.0","1.0","0.0"
"0","CSUN","0","Totals","Neutral","","1394.0","607.0","74.0","0.0","12.0","63.0","25.0","46.0","0.0"
"0","CSUN","0","Opponent Totals","Neutral","","1409.0","623.0","79.0","1.0","15.0","28.0","24.0","43.0","1.0"
"0","Seattle U","0","Totals","Neutral","","1384.0","591.0","52.0","2.0","8.0","35.0","24.0","32.0","0.0"
"0","Seattle U","0","Opponent Totals","Neutral","","1389.0","550.0","65.0","0.0","10.0","43.0","25.0","41.0","0.0"
"0","Jackson St.","0","Totals","Neutral","","1293.0","584.0","59.0","2.0","4.0","76.0","34.0","42.0","0.0"
"0","Jackson St.","0","Opponent Totals","Neutral","","1283.0","530.0","85.0","0.0","23.0","110.0","28.0","28.0","0.0"
"0","Wichita St.","0","Totals","Neutral","","1650.0","717.0","62.0","3.0","7.0","46.0","28.0","56.0","0.0"
"0","Wichita St.","0","Opponent Totals","Neutral","","1617.0","658.0","69.0","0.0","12.0","79.0","33.0","47.0","0.0"
"0","Arizona","0","Totals","Neutral","","1758.0","742.0","80.0","6.0","24.0","42.0","20.0","57.0","0.0"
"0","Arizona","0","Opponent Totals","Neutral","","1692.0","743.0","121.0","1.0","13.0","85.0","38.0","46.0","0.0"
"0","San Jose St.","0","Totals","Neutral","","1350.0","477.0","52.0","1.0","10.0","39.0","24.0","33.0","0.0"
"0","San Jose St.","0","Opponent Totals","Neutral","","1352.0","613.0","48.0","0.0","3.0","30.0","21.0","53.0","0.0"
"0","Southern Utah","0","Totals","Neutral","","1379.0","610.0","78.0","2.0","19.0","42.0","24.0","43.0","0.0"
"0","Southern Utah","0","Opponent Totals","Neutral","","1415.0","604.0","78.0","2.0","18.0","74.0","32.0","34.0","0.0"
"0","Creighton","0","Totals","Neutral","","1556.0","705.0","50.0","2.0","13.0","42.0","19.0","47.0","0.0"
"0","Creighton","0","Opponent Totals","Neutral","","1554.0","627.0","72.0","2.0","10.0","44.0","25.0","33.0","0.0"
"0","Harris-Stowe","0","Totals","Neutral","","24.0","13.0","3.0","0.0","1.0","0.0","1.0","2.0","0.0"
"0","Harris-Stowe","0","Opponent Totals","Neutral","","27.0","14.0","3.0","0.0","0.0","2.0","1.0","1.0","0.0"
"0","Southeastern La.","0","Totals","Neutral","","1590.0","636.0","59.0","0.0","13.0","50.0","16.0","44.0","1.0"
"0","Southeastern La.","0","Opponent Totals","Neutral","","1557.0","792.0","105.0","0.0","12.0","73.0","39.0","51.0","1.0"
"0","UAB","0","Totals","Neutral","","1663.0","645.0","77.0","3.0","11.0","35.0","20.0","63.0","0.0"
"0","UAB","0","Opponent Totals","Neutral","","1651.0","713.0","89.0","0.0","12.0","54.0","17.0","51.0","0.0"
"0","Baylor","0","Totals","Neutral","","1744.0","684.0","61.0","0.0","3.0","44.0","17.0","53.0","0.0"
"0","Baylor","0","Opponent Totals","Neutral","","1682.0","697.0","74.0","4.0","18.0","96.0","38.0","60.0","0.0"
"0","Delta St.","0","Totals","Neutral","","51.0","31.0","3.0","0.0","1.0","2.0","1.0","2.0","0.0"
"0","Delta St.","0","Opponent Totals","Neutral","","51.0","20.0","2.0","0.0","0.0","3.0","1.0","2.0","0.0"
"0","SIUE","0","Totals","Neutral","","1440.0","543.0","42.0","0.0","4.0","57.0","20.0","42.0","0.0"
"0","SIUE","0","Opponent Totals","Neutral","","1445.0","598.0","60.0","1.0","6.0","48.0","16.0","39.0","1.0"
"0","Virginia Tech","0","Totals","Neutral","","1460.0","615.0","62.0","2.0","8.0","75.0","20.0","52.0","0.0"
"0","Virginia Tech","0","Opponent Totals","Neutral","","1430.0","520.0","69.0","0.0","10.0","62.0","27.0","27.0","0.0"
"0","VCU","0","Totals","Neutral","","1576.0","642.0","58.0","2.0","6.0","73.0","26.0","38.0","1.0"
"0","VCU","0","Opponent Totals","Neutral","","1561.0","658.0","86.0","4.0","9.0","37.0","19.0","54.0","0.0"
"0","Clemson","0","Totals","Neutral","","1726.0","683.0","66.0","0.0","2.0","49.0","15.0","62.0","0.0"
"0","Clemson","0","Opponent Totals","Neutral","","1694.0","613.0","86.0","1.0","9.0","68.0","20.0","41.0","0.0"
"0","Christian Bros.","0","Totals","Neutral","","24.0","4.0","3.0","0.0","1.0","1.0","0.0","0.0","0.0"
"0","Christian Bros.","0","Opponent Totals","Neutral","","27.0","17.0","1.0","0.0","0.0","0.0","2.0","3.0","0.0"
"0","Indiana Tech","0","Totals","Neutral","","28.0","10.0","2.0","0.0","0.0","2.0","2.0","0.0","0.0"
"0","Indiana Tech","0","Opponent Totals","Neutral","","30.0","7.0","0.0","0.0","0.0","2.0","0.0","0.0","0.0"
"0","Grambling","0","Totals","Neutral","","1267.0","523.0","64.0","0.0","11.0","48.0","28.0","34.0","0.0"
"0","Grambling","0","Opponent Totals","Neutral","","1273.0","491.0","78.0","0.0","22.0","71.0","15.0","27.0","0.0"
"0","Massachusetts","0","Totals","Neutral","","1185.0","505.0","70.0","0.0","5.0","49.0","25.0","36.0","0.0"
"0","Massachusetts","0","Opponent Totals","Neutral","","1185.0","571.0","83.0","1.0","10.0","70.0","25.0","39.0","0.0"
"0","James Madison","0","Totals","Neutral","","1380.0","609.0","86.0","0.0","8.0","76.0","23.0","51.0","0.0"
"0","James Madison","0","Opponent Totals","Neutral","","1402.0","609.0","73.0","1.0","10.0","92.0","41.0","37.0","0.0"
"0","Wofford","0","Totals","Neutral","","1444.0","544.0","112.0","2.0","5.0","76.0","20.0","20.0","0.0"
"0","Wofford","0","Opponent Totals","Neutral","","1439.0","529.0","74.0","1.0","5.0","84.0","39.0","30.0","0.0"
"0","CSU Bakersfield","0","Totals","Neutral","","1460.0","587.0","87.0","3.0","6.0","43.0","23.0","46.0","1.0"
"0","CSU Bakersfield","0","Opponent Totals","Neutral","","1467.0","565.0","53.0","1.0","9.0","29.0","15.0","42.0","0.0"
"0","Butler","0","Totals","Neutral","","1467.0","606.0","90.0","1.0","10.0","67.0","20.0","36.0","0.0"
"0","Butler","0","Opponent Totals","Neutral","","1492.0","544.0","73.0","0.0","13.0","22.0","17.0","45.0","0.0"
"0","Jacksonville St.","0","Totals","Neutral","","1551.0","585.0","89.0","1.0","9.0","49.0","23.0","50.0","1.0"
"0","Jacksonville St.","0","Opponent Totals","Neutral","","1560.0","582.0","74.0","1.0","5.0","35.0","13.0","50.0","0.0"
"0","Sacred Heart","0","Totals","Neutral","","1392.0","611.0","96.0","0.0","12.0","87.0","28.0","35.0","0.0"
"0","Sacred Heart","0","Opponent Totals","Neutral","","1418.0","557.0","68.0","1.0","12.0","74.0","23.0","37.0","0.0"
"0","North Central (IL)","0","Totals","Neutral","","24.0","6.0","0.0","0.0","1.0","1.0","0.0","0.0","0.0"
"0","North Central (IL)","0","Opponent Totals","Neutral","","27.0","16.0","1.0","0.0","0.0","1.0","0.0","3.0","0.0"
"0","Fairleigh Dickinson","0","Totals","Neutral","","1328.0","596.0","53.0","0.0","5.0","84.0","20.0","39.0","0.0"
"0","Fairleigh Dickinson","0","Opponent Totals","Neutral","","1338.0","600.0","51.0","0.0","5.0","31.0","11.0","47.0","0.0"
"0","Husson","0","Totals","Neutral","","24.0","9.0","2.0","0.0","0.0","3.0","0.0","1.0","0.0"
"0","Husson","0","Opponent Totals","Neutral","","27.0","15.0","3.0","0.0","0.0","1.0","0.0","3.0","0.0"
"0","ETSU","0","Totals","Neutral","","1449.0","509.0","63.0","1.0","7.0","62.0","21.0","23.0","0.0"
"0","ETSU","0","Opponent Totals","Neutral","","1449.0","586.0","53.0","2.0","6.0","60.0","21.0","49.0","0.0"
"0","UC Riverside","0","Totals","Neutral","","1430.0","569.0","70.0","0.0","2.0","42.0","28.0","38.0","0.0"
"0","UC Riverside","0","Opponent Totals","Neutral","","1444.0","613.0","49.0","0.0","7.0","36.0","21.0","61.0","1.0"
"0","Long Beach St.","0","Totals","Neutral","","1509.0","606.0","61.0","0.0","12.0","41.0","29.0","43.0","0.0"
"0","Long Beach St.","0","Opponent Totals","Neutral","","1500.0","665.0","45.0","0.0","15.0","38.0","29.0","39.0","0.0"
"0","Loyola Marymount","0","Totals","Neutral","","1449.0","620.0","70.0","0.0","7.0","43.0","35.0","43.0","0.0"
"0","Loyola Marymount","0","Opponent Totals","Neutral","","1448.0","601.0","68.0","4.0","11.0","41.0","31.0","44.0","0.0"
"0","Louisiana","0","Totals","Neutral","","1398.0","606.0","70.0","2.0","7.0","43.0","19.0","35.0","0.0"
"0","Louisiana","0","Opponent Totals","Neutral","","1405.0","563.0","67.0","0.0","10.0","56.0","31.0","38.0","1.0"
"0","Alcorn","0","Totals","Neutral","","1402.0","541.0","111.0","3.0","28.0","122.0","33.0","37.0","0.0"
"0","Alcorn","0","Opponent Totals","Neutral","","1466.0","620.0","57.0","0.0","12.0","72.0","31.0","49.0","0.0"
"0","UCF","0","Totals","Neutral","","1643.0","666.0","65.0","3.0","23.0","47.0","14.0","57.0","0.0"
"0","UCF","0","Opponent Totals","Neutral","","1571.0","620.0","101.0","2.0","19.0","90.0","32.0","52.0","0.0"
"0","Towson","0","Totals","Neutral","","1515.0","612.0","64.0","0.0","5.0","52.0","30.0","60.0","0.0"
"0","Towson","0","Opponent Totals","Neutral","","1523.0","692.0","85.0","1.0","5.0","76.0","32.0","40.0","2.0"
"0","Oklahoma St.","0","Totals","Neutral","","1534.0","596.0","43.0","1.0","15.0","77.0","22.0","35.0","1.0"
"0","Oklahoma St.","0","Opponent Totals","Neutral","","1503.0","559.0","68.0","1.0","11.0","38.0","16.0","37.0","0.0"
"0","Minot St.","0","Totals","Neutral","","73.0","32.0","3.0","0.0","0.0","2.0","2.0","4.0","0.0"
"0","Minot St.","0","Opponent Totals","Neutral","","78.0","38.0","2.0","0.0","0.0","4.0","0.0","2.0","0.0"
"0","Murray St.","0","Totals","Neutral","","1510.0","603.0","77.0","0.0","10.0","63.0","26.0","59.0","0.0"
"0","Murray St.","0","Opponent Totals","Neutral","","1511.0","635.0","74.0","0.0","13.0","13.0","15.0","46.0","0.0"
"0","UT Arlington","0","Totals","Neutral","","1604.0","694.0","75.0","0.0","8.0","46.0","26.0","46.0","0.0"
"0","UT Arlington","0","Opponent Totals","Neutral","","1591.0","651.0","95.0","1.0","14.0","54.0","28.0","46.0","0.0"
"0","Selma","0","Totals","Neutral","","56.0","21.0","11.0","0.0","0.0","4.0","2.0","0.0","0.0"
"0","Selma","0","Opponent Totals","Neutral","","63.0","24.0","4.0","0.0","1.0","6.0","1.0","3.0","0.0"
"0","Saint Peter's","0","Totals","Neutral","","1293.0","562.0","84.0","1.0","14.0","51.0","30.0","43.0","1.0"
"0","Saint Peter's","0","Opponent Totals","Neutral","","1344.0","575.0","62.0","0.0","6.0","55.0","24.0","36.0","0.0"
"0","DBU","0","Totals","Neutral","","1554.0","628.0","72.0","1.0","15.0","46.0","20.0","54.0","0.0"
"0","DBU","0","Opponent Totals","Neutral","","1522.0","518.0","76.0","0.0","11.0","69.0","23.0","38.0","0.0"
"0","Northwestern St.","0","Totals","Neutral","","1321.0","511.0","76.0","2.0","8.0","72.0","25.0","40.0","0.0"
"0","Northwestern St.","0","Opponent Totals","Neutral","","1335.0","569.0","80.0","0.0","12.0","85.0","26.0","35.0","0.0"
"0","St. Catharine","0","Totals","Neutral","","24.0","10.0","2.0","0.0","2.0","3.0","1.0","0.0","0.0"
"0","St. Catharine","0","Opponent Totals","Neutral","","27.0","13.0","3.0","0.0","0.0","1.0","0.0","2.0","0.0"
"0","Memphis","0","Totals","Neutral","","1547.0","598.0","59.0","3.0","22.0","65.0","31.0","47.0","0.0"
"0","Memphis","0","Opponent Totals","Neutral","","1535.0","600.0","90.0","3.0","21.0","64.0","33.0","48.0","0.0"
"0","Mississippi Val.","0","Totals","Neutral","","1393.0","590.0","78.0","0.0","25.0","153.0","27.0","40.0","0.0"
"0","Mississippi Val.","0","Opponent Totals","Neutral","","1447.0","653.0","97.0","0.0","17.0","110.0","28.0","34.0","0.0"
"0","Austin Peay","0","Totals","Neutral","","1744.0","729.0","79.0","0.0","22.0","96.0","27.0","64.0","1.0"
"0","Austin Peay","0","Opponent Totals","Neutral","","1715.0","628.0","88.0","3.0","19.0","73.0","31.0","55.0","0.0"
"0","Angelo St.","0","Totals","Neutral","","24.0","10.0","2.0","0.0","0.0","4.0","0.0","0.0","0.0"
"0","Angelo St.","0","Opponent Totals","Neutral","","27.0","15.0","0.0","0.0","0.0","2.0","1.0","1.0","0.0"
"0","Huston-Tillotson","0","Totals","Neutral","","129.0","50.0","13.0","0.0","8.0","13.0","1.0","4.0","0.0"
"0","Huston-Tillotson","0","Opponent Totals","Neutral","","138.0","58.0","6.0","0.0","3.0","2.0","1.0","4.0","0.0"
"0","Marshall","0","Totals","Neutral","","1402.0","523.0","78.0","2.0","20.0","85.0","25.0","38.0","0.0"
"0","Marshall","0","Opponent Totals","Neutral","","1434.0","565.0","70.0","0.0","17.0","51.0","29.0","33.0","0.0"
"0","William & Mary","0","Totals","Neutral","","1460.0","546.0","80.0","0.0","12.0","29.0","23.0","46.0","0.0"
"0","William & Mary","0","Opponent Totals","Neutral","","1436.0","538.0","87.0","0.0","13.0","76.0","33.0","31.0","0.0"
"0","LSU","0","Totals","Neutral","","1776.0","573.0","47.0","0.0","2.0","50.0","20.0","35.0","0.0"
"0","LSU","0","Opponent Totals","Neutral","","1702.0","685.0","90.0","0.0","13.0","42.0","34.0","65.0","0.0"
"0","Coppin St.","0","Totals","Neutral","","1252.0","477.0","158.0","1.0","14.0","113.0","33.0","23.0","0.0"
"0","Coppin St.","0","Opponent Totals","Neutral","","1334.0","478.0","69.0","0.0","6.0","33.0","19.0","42.0","0.0"
"0","George Mason","0","Totals","Neutral","","1506.0","581.0","76.0","0.0","12.0","66.0","26.0","37.0","0.0"
"0","George Mason","0","Opponent Totals","Neutral","","1495.0","550.0","62.0","0.0","3.0","48.0","23.0","49.0","0.0"
"0","St. Thomas (FL)","0","Totals","Neutral","","24.0","7.0","0.0","0.0","0.0","2.0","0.0","0.0","0.0"
"0","St. Thomas (FL)","0","Opponent Totals","Neutral","","27.0","13.0","4.0","0.0","1.0","2.0","0.0","1.0","0.0"
"0","Oregon","0","Totals","Neutral","","1753.0","749.0","55.0","2.0","9.0","25.0","29.0","57.0","0.0"
"0","Oregon","0","Opponent Totals","Neutral","","1719.0","755.0","78.0","0.0","11.0","74.0","45.0","32.0","0.0"
"0","NJIT","0","Totals","Neutral","","1312.0","518.0","78.0","2.0","17.0","66.0","22.0","37.0","0.0"
"0","NJIT","0","Opponent Totals","Neutral","","1336.0","529.0","85.0","0.0","12.0","44.0","18.0","44.0","0.0"
"0","Bradley","0","Totals","Neutral","","1468.0","599.0","80.0","0.0","8.0","40.0","32.0","36.0","0.0"
"0","Bradley","0","Opponent Totals","Neutral","","1479.0","567.0","79.0","0.0","12.0","41.0","22.0","37.0","0.0"
"0","Nicholls St.","0","Totals","Neutral","","1413.0","580.0","71.0","2.0","11.0","97.0","19.0","45.0","0.0"
"0","Nicholls St.","0","Opponent Totals","Neutral","","1416.0","562.0","87.0","2.0","21.0","101.0","37.0","35.0","0.0"
"0","TCU","0","Totals","Neutral","","1666.0","708.0","84.0","1.0","15.0","48.0","22.0","68.0","0.0"
"0","TCU","0","Opponent Totals","Neutral","","1617.0","643.0","86.0","1.0","16.0","63.0","33.0","45.0","0.0"
"0","Kansas St.","0","Totals","Neutral","","1554.0","681.0","57.0","0.0","14.0","73.0","29.0","58.0","0.0"
"0","Kansas St.","0","Opponent Totals","Neutral","","1552.0","708.0","66.0","3.0","14.0","104.0","29.0","44.0","0.0"
"0","Eastern Ky.","0","Totals","Neutral","","1440.0","613.0","66.0","1.0","11.0","44.0","16.0","60.0","0.0"
"0","Eastern Ky.","0","Opponent Totals","Neutral","","1438.0","593.0","92.0","2.0","16.0","66.0","21.0","48.0","0.0"
"0","Grand View","0","Totals","Neutral","","24.0","4.0","4.0","0.0","1.0","3.0","0.0","0.0","0.0"
"0","Grand View","0","Opponent Totals","Neutral","","27.0","15.0","0.0","0.0","1.0","2.0","0.0","1.0","0.0"
"0","Rhode Island","0","Totals","Neutral","","1560.0","639.0","75.0","2.0","25.0","46.0","24.0","55.0","0.0"
"0","Rhode Island","0","Opponent Totals","Neutral","","1576.0","651.0","87.0","0.0","17.0","122.0","33.0","42.0","0.0"
"0","N.C. Central","0","Totals","Neutral","","1253.0","462.0","99.0","1.0","21.0","73.0","17.0","21.0","0.0"
"0","N.C. Central","0","Opponent Totals","Neutral","","1258.0","586.0","84.0","3.0","27.0","38.0","11.0","46.0","0.0"
"0","Mayville St.","0","Totals","Neutral","","30.0","10.0","4.0","0.0","0.0","2.0","0.0","0.0","0.0"
"0","Mayville St.","0","Opponent Totals","Neutral","","30.0","15.0","1.0","0.0","0.0","1.0","0.0","1.0","0.0"
"0","Chicago","0","Totals","Neutral","","27.0","7.0","1.0","0.0","0.0","1.0","0.0","0.0","0.0"
"0","Chicago","0","Opponent Totals","Neutral","","27.0","18.0","0.0","0.0","1.0","0.0","0.0","1.0","0.0"
"0","Charleston So.","0","Totals","Neutral","","1465.0","564.0","75.0","0.0","23.0","105.0","31.0","36.0","0.0"
"0","Charleston So.","0","Opponent Totals","Neutral","","1473.0","581.0","59.0","1.0","17.0","51.0","19.0","41.0","0.0"
"0","Calumet Col.","0","Totals","Neutral","","21.0","12.0","0.0","0.0","1.0","4.0","4.0","0.0","0.0"
"0","Calumet Col.","0","Opponent Totals","Neutral","","21.0","7.0","2.0","0.0","0.0","0.0","0.0","2.0","0.0"
"0","Mo.-St. Louis","0","Totals","Neutral","","24.0","11.0","1.0","0.0","1.0","1.0","1.0","1.0","0.0"
"0","Mo.-St. Louis","0","Opponent Totals","Neutral","","27.0","9.0","2.0","0.0","0.0","3.0","0.0","2.0","0.0"
"0","Old Dominion","0","Totals","Neutral","","1412.0","581.0","77.0","1.0","12.0","87.0","27.0","41.0","1.0"
"0","Old Dominion","0","Opponent Totals","Neutral","","1413.0","512.0","51.0","1.0","11.0","47.0","20.0","35.0","0.0"
"0","Shepherd","0","Totals","Neutral","","51.0","18.0","2.0","0.0","0.0","3.0","0.0","1.0","0.0"
"0","Shepherd","0","Opponent Totals","Neutral","","54.0","21.0","1.0","0.0","0.0","3.0","0.0","1.0","0.0"
"0","Navy","0","Totals","Neutral","","1340.0","521.0","56.0","0.0","5.0","44.0","25.0","38.0","0.0"
"0","Navy","0","Opponent Totals","Neutral","","1336.0","507.0","80.0","1.0","7.0","43.0","13.0","38.0","0.0"
"0","FIU","0","Totals","Neutral","","1518.0","555.0","106.0","0.0","15.0","44.0","29.0","43.0","0.0"
"0","FIU","0","Opponent Totals","Neutral","","1500.0","559.0","70.0","0.0","15.0","67.0","27.0","50.0","0.0"
"0","Chicago St.","0","Totals","Neutral","","1249.0","478.0","104.0","0.0","19.0","82.0","37.0","36.0","0.0"
"0","Chicago St.","0","Opponent Totals","Neutral","","1307.0","512.0","48.0","0.0","17.0","39.0","37.0","63.0","0.0"
"0","Cornell","0","Totals","Neutral","","1189.0","517.0","64.0","1.0","6.0","30.0","13.0","35.0","0.0"
"0","Cornell","0","Opponent Totals","Neutral","","1190.0","401.0","57.0","2.0","7.0","55.0","20.0","21.0","0.0"
"0","Binghamton","0","Totals","Neutral","","1168.0","499.0","58.0","0.0","10.0","36.0","13.0","19.0","0.0"
"0","Binghamton","0","Opponent Totals","Neutral","","1200.0","510.0","51.0","1.0","7.0","30.0","15.0","36.0","0.0"
"0","Hartford","0","Totals","Neutral","","1344.0","572.0","86.0","0.0","4.0","123.0","30.0","43.0","0.0"
"0","Hartford","0","Opponent Totals","Neutral","","1388.0","598.0","58.0","1.0","12.0","41.0","28.0","42.0","0.0"
