"Game ID","Team","Player ID","Player","Lineup Position","Games","G","PO","TC","A","E","CI","PB","SBA","CSB","IDP","TP","P","C","1B","2B","3B","SS","LF","CF","RF","DH","PH","PR"
"0","Milwaukee","0","Totals","Away","","34.0","856.0","1222.0","310.0","56.0","1.0","13.0","36.0","13.0","30.0","0.0"
"0","Milwaukee","0","Opponent Totals","Away","","34.0","921.0","1293.0","333.0","39.0","0.0","9.0","40.0","12.0","31.0","0.0"
"0","Lindenwood (IL)","0","Totals","Away"
"0","Lindenwood (IL)","0","Totals","Away"
"0","Indiana","0","Totals","Away","","25.0","659.0","952.0","266.0","27.0","2.0","5.0","7.0","5.0","21.0","0.0"
"0","Indiana","0","Opponent Totals","Away","","25.0","690.0","983.0","270.0","23.0","0.0","4.0","21.0","11.0","29.0","0.0"
"0","Wright St.","0","Totals","Away","","31.0","817.0","1183.0","343.0","23.0","0.0","7.0","20.0","11.0","23.0","0.0"
"0","Wright St.","0","Opponent Totals","Away","","31.0","855.0","1200.0","311.0","34.0","0.0","7.0","54.0","13.0","25.0","0.0"
"0","NC State","0","Totals","Away","","21.0","559.0","784.0","208.0","17.0","0.0","6.0","16.0","8.0","22.0","0.0"
"0","NC State","0","Opponent Totals","Away","","21.0","576.0","819.0","216.0","27.0","0.0","4.0","21.0","12.0","12.0","0.0"
"0","Michigan St.","0","Totals","Away","","23.0","581.0","821.0","207.0","33.0","0.0","10.0","31.0","11.0","18.0","0.0"
"0","Michigan St.","0","Opponent Totals","Away","","23.0","624.0","864.0","219.0","21.0","0.0","4.0","41.0","12.0","10.0","0.0"
"0","Utah Valley","0","Totals","Away","","35.0","864.0","1233.0","334.0","35.0","0.0","5.0","35.0","10.0","22.0","0.0"
"0","Utah Valley","0","Opponent Totals","Away","","35.0","939.0","1301.0","342.0","20.0","0.0","8.0","23.0","11.0","29.0","0.0"
"0","Lynn","0","Totals","Away"
"0","Lynn","0","Totals","Away"
"0","Cincinnati","0","Totals","Away","","24.0","607.0","873.0","237.0","29.0","0.0","2.0","20.0","8.0","31.0","1.0"
"0","Cincinnati","0","Opponent Totals","Away","","24.0","651.0","883.0","206.0","26.0","4.0","6.0","35.0","11.0","15.0","0.0"
"0","Shawnee St.","0","Totals","Away","","1.0","28.0","37.0","7.0","2.0","0.0","1.0","2.0","0.0","2.0","0.0"
"0","Shawnee St.","0","Opponent Totals","Away","","1.0","30.0","46.0","13.0","3.0","0.0","0.0","1.0","0.0","2.0","0.0"
"0","Albany (NY)","0","Totals","Away","","32.0","808.0","1164.0","328.0","28.0","0.0","10.0","44.0","14.0","23.0","0.0"
"0","Albany (NY)","0","Opponent Totals","Away","","32.0","858.0","1215.0","330.0","27.0","0.0","8.0","27.0","21.0","17.0","0.0"
"0","Tougaloo","0","Totals","Away","","3.0","75.0","119.0","38.0","6.0","0.0","3.0","3.0","0.0","2.0","0.0"
"0","Tougaloo","0","Opponent Totals","Away","","3.0","81.0","121.0","34.0","6.0","0.0","1.0","3.0","0.0","0.0","0.0"
"0","St. Francis (IL)","0","Totals","Away","","1.0","24.0","33.0","9.0","0.0","0.0","0.0","4.0","0.0","1.0","0.0"
"0","St. Francis (IL)","0","Opponent Totals","Away","","1.0","27.0","39.0","12.0","0.0","0.0","0.0","0.0","0.0","0.0","0.0"
"0","North Florida","0","Totals","Away","","23.0","573.0","806.0","204.0","29.0","1.0","4.0","22.0","8.0","15.0","0.0"
"0","North Florida","0","Opponent Totals","Away","","23.0","621.0","888.0","242.0","25.0","0.0","1.0","18.0","10.0","16.0","0.0"
"0","Texas Col.","0","Totals","Away","","2.0","47.0","68.0","20.0","1.0","0.0","3.0","5.0","0.0","1.0","0.0"
"0","Texas Col.","0","Opponent Totals","Away","","2.0","51.0","75.0","20.0","4.0","1.0","2.0","0.0","2.0","1.0","0.0"
"0","Southeast Mo. St.","0","Totals","Away","","28.0","709.0","1023.0","277.0","37.0","0.0","5.0","33.0","5.0","25.0","0.0"
"0","Southeast Mo. St.","0","Opponent Totals","Away","","28.0","762.0","1073.0","276.0","35.0","0.0","3.0","33.0","11.0","26.0","0.0"
"0","Florida St.","0","Totals","Away","","23.0","616.0","848.0","204.0","28.0","1.0","2.0","20.0","9.0","16.0","0.0"
"0","Florida St.","0","Opponent Totals","Away","","23.0","645.0","893.0","225.0","23.0","0.0","9.0","14.0","8.0","27.0","0.0"
"0","La Salle","0","Totals","Away","","36.0","929.0","1302.0","338.0","35.0","1.0","9.0","90.0","15.0","21.0","0.0"
"0","La Salle","0","Opponent Totals","Away","","36.0","1007.0","1445.0","387.0","51.0","0.0","8.0","39.0","17.0","28.0","0.0"
"0","Union (TN)","0","Totals","Away","","1.0","27.0","37.0","9.0","1.0","0.0","0.0","1.0","1.0","1.0","0.0"
"0","Union (TN)","0","Opponent Totals","Away","","1.0","27.0","35.0","7.0","1.0","0.0","1.0","0.0","1.0","1.0","0.0"
"0","LIU Brooklyn","0","Totals","Away","","32.0","819.0","1152.0","299.0","34.0","0.0","3.0","48.0","15.0","29.0","1.0"
"0","LIU Brooklyn","0","Opponent Totals","Away","","32.0","862.0","1202.0","301.0","39.0","0.0","4.0","37.0","21.0","25.0","0.0"
"0","San Diego St.","0","Totals","Away","","24.0","617.0","897.0","256.0","24.0","0.0","3.0","16.0","7.0","24.0","0.0"
"0","San Diego St.","0","Opponent Totals","Away","","24.0","648.0","938.0","259.0","31.0","0.0","4.0","11.0","11.0","20.0","1.0"
"0","Bryant","0","Totals","Away","","37.0","917.0","1310.0","349.0","44.0","0.0","3.0","40.0","16.0","24.0","0.0"
"0","Bryant","0","Opponent Totals","Away","","37.0","972.0","1388.0","369.0","47.0","0.0","7.0","35.0","8.0","26.0","0.0"
"0","Dakota St.","0","Totals","Away","","1.0","24.0","31.0","5.0","2.0","0.0","0.0","1.0","0.0","0.0","0.0"
"0","Dakota St.","0","Opponent Totals","Away","","1.0","27.0","36.0","9.0","0.0","0.0","1.0","1.0","0.0","1.0","0.0"
"0","Southern U.","0","Totals","Away","","25.0","617.0","906.0","249.0","40.0","0.0","5.0","51.0","15.0","19.0","0.0"
"0","Southern U.","0","Opponent Totals","Away","","25.0","672.0","955.0","245.0","38.0","0.0","9.0","57.0","24.0","12.0","0.0"
"0","Maryville (MO)","0","Totals","Away","","1.0","24.0","36.0","11.0","1.0","0.0","0.0","1.0","1.0","0.0","0.0"
"0","Maryville (MO)","0","Opponent Totals","Away","","1.0","27.0","33.0","5.0","1.0","0.0","0.0","1.0","0.0","0.0","0.0"
"0","Princeton","0","Totals","Away","","23.0","571.0","804.0","207.0","26.0","0.0","8.0","23.0","8.0","13.0","0.0"
"0","Princeton","0","Opponent Totals","Away","","23.0","618.0","874.0","236.0","20.0","0.0","5.0","17.0","3.0","18.0","0.0"
"0","A&M-Corpus Christi","0","Totals","Away","","26.0","678.0","941.0","238.0","25.0","0.0","8.0","19.0","4.0","19.0","0.0"
"0","A&M-Corpus Christi","0","Opponent Totals","Away","","26.0","705.0","1048.0","311.0","32.0","0.0","3.0","33.0","14.0","20.0","0.0"
"0","Bowling Green","0","Totals","Away","","34.0","836.0","1207.0","327.0","44.0","0.0","9.0","54.0","24.0","25.0","0.0"
"0","Bowling Green","0","Opponent Totals","Away","","34.0","921.0","1305.0","349.0","35.0","0.0","4.0","24.0","13.0","22.0","0.0"
"0","Trinity Christian","0","Totals","Away","","1.0","24.0","38.0","13.0","1.0","0.0","0.0","2.0","1.0","1.0","0.0"
"0","Trinity Christian","0","Opponent Totals","Away","","1.0","27.0","45.0","15.0","3.0","0.0","0.0","1.0","1.0","3.0","0.0"
"0","California","0","Totals","Away","","24.0","632.0","884.0","231.0","21.0","0.0","6.0","12.0","10.0","21.0","0.0"
"0","California","0","Opponent Totals","Away","","24.0","666.0","950.0","261.0","23.0","0.0","6.0","23.0","5.0","22.0","0.0"
"0","Sacramento St.","0","Totals","Away","","30.0","765.0","1059.0","268.0","26.0","0.0","8.0","17.0","10.0","20.0","0.0"
"0","Sacramento St.","0","Opponent Totals","Away","","30.0","807.0","1123.0","285.0","31.0","0.0","3.0","30.0","11.0","20.0","0.0"
"0","Gonzaga","0","Totals","Away","","35.0","917.0","1272.0","329.0","26.0","0.0","2.0","19.0","17.0","30.0","0.0"
"0","Gonzaga","0","Opponent Totals","Away","","35.0","966.0","1374.0","367.0","41.0","0.0","12.0","23.0","12.0","27.0","0.0"
"0","Viterbo","0","Totals","Away","","1.0","24.0","32.0","6.0","2.0","0.0","0.0","2.0","0.0","0.0","0.0"
"0","Viterbo","0","Opponent Totals","Away","","1.0","27.0","39.0","10.0","2.0","0.0","0.0","0.0","0.0","1.0","0.0"
"0","North Ala.","0","Totals","Away","","1.0","27.0","36.0","8.0","1.0","0.0","0.0","2.0","0.0","0.0","0.0"
"0","North Ala.","0","Opponent Totals","Away","","1.0","27.0","36.0","9.0","0.0","0.0","0.0","2.0","2.0","1.0","0.0"
"0","Tex. Permian Basin","0","Totals","Away","","1.0","24.0","38.0","11.0","3.0","0.0","1.0","0.0","1.0","0.0","0.0"
"0","Tex. Permian Basin","0","Opponent Totals","Away","","1.0","27.0","38.0","7.0","4.0","0.0","0.0","0.0","0.0","0.0","0.0"
"0","UIC","0","Totals","Away","","1.0","24.0","35.0","9.0","2.0","0.0","0.0","0.0","1.0","0.0","0.0"
"0","UIC","0","Opponent Totals","Away","","1.0","27.0","44.0","17.0","0.0","0.0","0.0","0.0","1.0","0.0","0.0"
"0","La.-Monroe","0","Totals","Away","","28.0","699.0","980.0","247.0","34.0","0.0","7.0","58.0","14.0","13.0","0.0"
"0","La.-Monroe","0","Opponent Totals","Away","","28.0","759.0","1071.0","272.0","40.0","0.0","7.0","38.0","17.0","13.0","0.0"
"0","Robert Morris (IL)","0","Totals","Away","","1.0","24.0","31.0","5.0","2.0","0.0","1.0","3.0","0.0","1.0","0.0"
"0","Robert Morris (IL)","0","Opponent Totals","Away","","1.0","27.0","31.0","4.0","0.0","0.0","1.0","1.0","0.0","0.0","0.0"
"0","Stanford","0","Totals","Away","","23.0","599.0","843.0","224.0","20.0","1.0","9.0","7.0","11.0","11.0","0.0"
"0","Stanford","0","Opponent Totals","Away","","23.0","624.0","852.0","204.0","24.0","0.0","6.0","18.0","9.0","13.0","0.0"
"0","Robert Morris-Peoria","0","Totals","Away","","1.0","24.0","34.0","8.0","2.0","0.0","0.0","3.0","0.0","1.0","0.0"
"0","Robert Morris-Peoria","0","Opponent Totals","Away","","1.0","27.0","37.0","10.0","0.0","0.0","0.0","1.0","0.0","2.0","0.0"
"0","Presbyterian","0","Totals","Away","","29.0","718.0","980.0","228.0","34.0","0.0","10.0","50.0","16.0","16.0","0.0"
"0","Presbyterian","0","Opponent Totals","Away","","29.0","786.0","1105.0","286.0","33.0","0.0","8.0","5.0","7.0","20.0","0.0"
"0","Illinois","0","Totals","Away","","25.0","674.0","1008.0","316.0","18.0","1.0","4.0","32.0","13.0","24.0","0.0"
"0","Illinois","0","Opponent Totals","Away","","25.0","699.0","979.0","257.0","23.0","0.0","6.0","35.0","8.0","14.0","0.0"
"0","Manhattan","0","Totals","Away","","39.0","957.0","1335.0","329.0","49.0","0.0","6.0","58.0","11.0","25.0","0.0"
"0","Manhattan","0","Opponent Totals","Away","","39.0","1023.0","1447.0","376.0","48.0","2.0","5.0","20.0","13.0","24.0","0.0"
"0","Georgia","0","Totals","Away","","27.0","712.0","1017.0","282.0","23.0","0.0","6.0","25.0","16.0","19.0","0.0"
"0","Georgia","0","Opponent Totals","Away","","27.0","744.0","1037.0","264.0","29.0","1.0","9.0","20.0","9.0","24.0","0.0"
"0","UC Irvine","0","Totals","Away","","27.0","713.0","1014.0","272.0","29.0","0.0","2.0","24.0","14.0","23.0","0.0"
"0","UC Irvine","0","Opponent Totals","Away","","27.0","744.0","1055.0","283.0","28.0","0.0","2.0","8.0","13.0","21.0","0.0"
"0","Little Rock","0","Totals","Away","","31.0","789.0","1109.0","283.0","37.0","0.0","4.0","48.0","11.0","18.0","0.0"
"0","Little Rock","0","Opponent Totals","Away","","31.0","840.0","1200.0","324.0","36.0","1.0","8.0","28.0","15.0","34.0","0.0"
"0","Maryland","0","Totals","Away","","27.0","685.0","948.0","233.0","30.0","1.0","8.0","26.0","7.0","18.0","0.0"
"0","Maryland","0","Opponent Totals","Away","","27.0","735.0","979.0","223.0","21.0","0.0","6.0","37.0","13.0","23.0","0.0"
"0","Cal Poly","0","Totals","Away","","25.0","636.0","930.0","258.0","36.0","3.0","3.0","15.0","6.0","19.0","0.0"
"0","Cal Poly","0","Opponent Totals","Away","","25.0","681.0","1022.0","308.0","33.0","0.0","3.0","8.0","7.0","29.0","0.0"
"0","UMass Lowell","0","Totals","Away","","32.0","788.0","1089.0","267.0","34.0","1.0","7.0","55.0","12.0","28.0","0.0"
"0","UMass Lowell","0","Opponent Totals","Away","","32.0","846.0","1180.0","297.0","37.0","0.0","7.0","31.0","13.0","31.0","0.0"
"0","Wagner","0","Totals","Away","","40.0","1035.0","1474.0","397.0","42.0","0.0","9.0","63.0","17.0","28.0","0.0"
"0","Wagner","0","Opponent Totals","Away","","40.0","1071.0","1504.0","378.0","55.0","0.0","7.0","47.0","15.0","30.0","0.0"
"0","Oklahoma","0","Totals","Away","","25.0","675.0","938.0","233.0","30.0","2.0","3.0","26.0","10.0","23.0","0.0"
"0","Oklahoma","0","Opponent Totals","Away","","25.0","708.0","939.0","203.0","28.0","0.0","3.0","25.0","9.0","10.0","0.0"
"0","St. Bonaventure","0","Totals","Away","","26.0","660.0","928.0","223.0","45.0","0.0","14.0","43.0","12.0","11.0","0.0"
"0","St. Bonaventure","0","Opponent Totals","Away","","26.0","714.0","997.0","250.0","33.0","0.0","11.0","25.0","10.0","25.0","0.0"
"0","Southern Ind.","0","Totals","Away","","1.0","27.0","40.0","13.0","0.0","0.0","0.0","1.0","1.0","2.0","0.0"
"0","Southern Ind.","0","Opponent Totals","Away","","1.0","27.0","38.0","9.0","2.0","0.0","0.0","1.0","0.0","0.0","0.0"
"0","Louisville","0","Totals","Away","","23.0","599.0","823.0","197.0","27.0","0.0","10.0","15.0","10.0","14.0","0.0"
"0","Louisville","0","Opponent Totals","Away","","23.0","618.0","906.0","240.0","48.0","1.0","2.0","53.0","8.0","22.0","0.0"
"0","Arkansas","0","Totals","Away","","27.0","688.0","946.0","227.0","31.0","0.0","3.0","5.0","5.0","24.0","0.0"
"0","Arkansas","0","Opponent Totals","Away","","27.0","732.0","986.0","231.0","23.0","0.0","5.0","17.0","4.0","18.0","0.0"
"0","Washington","0","Totals","Away","","26.0","690.0","1005.0","284.0","31.0","0.0","2.0","18.0","10.0","24.0","0.0"
"0","Washington","0","Opponent Totals","Away","","26.0","717.0","1030.0","281.0","32.0","0.0","4.0","13.0","8.0","23.0","0.0"
"0","SFA","0","Totals","Away","","27.0","692.0","975.0","249.0","34.0","0.0","7.0","42.0","13.0","19.0","0.0"
"0","SFA","0","Opponent Totals","Away","","27.0","747.0","1106.0","323.0","36.0","0.0","7.0","25.0","8.0","30.0","0.0"
"0","Santa Clara","0","Totals","Away","","25.0","656.0","954.0","271.0","27.0","1.0","2.0","19.0","13.0","26.0","0.0"
"0","Santa Clara","0","Opponent Totals","Away","","25.0","696.0","969.0","245.0","28.0","0.0","4.0","21.0","22.0","13.0","0.0"
"0","Ohio St.","0","Totals","Away","","30.0","775.0","1126.0","305.0","46.0","0.0","7.0","32.0","9.0","32.0","0.0"
"0","Ohio St.","0","Opponent Totals","Away","","30.0","816.0","1156.0","290.0","50.0","0.0","7.0","15.0","6.0","24.0","0.0"
"0","Gardner-Webb","0","Totals","Away","","29.0","725.0","1034.0","276.0","33.0","0.0","2.0","45.0","9.0","18.0","0.0"
"0","Gardner-Webb","0","Opponent Totals","Away","","29.0","771.0","1101.0","299.0","31.0","0.0","9.0","36.0","13.0","16.0","0.0"
"0","Army West Point","0","Totals","Away","","32.0","812.0","1142.0","299.0","31.0","0.0","2.0","31.0","14.0","24.0","0.0"
"0","Army West Point","0","Opponent Totals","Away","","32.0","849.0","1235.0","344.0","42.0","0.0","11.0","42.0","24.0","21.0","0.0"
"0","St. Francis (IN)","0","Totals","Away","","1.0","18.0","26.0","6.0","2.0","0.0","0.0","1.0","0.0","0.0","0.0"
"0","St. Francis (IN)","0","Opponent Totals","Away","","1.0","21.0","28.0","7.0","0.0","0.0","0.0","0.0","0.0","0.0","0.0"
"0","Baker","0","Totals","Away","","1.0","28.0","36.0","7.0","1.0","0.0","0.0","2.0","0.0","0.0","0.0"
"0","Baker","0","Opponent Totals","Away","","1.0","30.0","45.0","14.0","1.0","0.0","3.0","4.0","1.0","2.0","0.0"
"0","Missouri","0","Totals","Away","","22.0","564.0","792.0","215.0","13.0","0.0","8.0","12.0","7.0","19.0","0.0"
"0","Missouri","0","Opponent Totals","Away","","22.0","600.0","811.0","189.0","22.0","0.0","6.0","16.0","4.0","12.0","0.0"
"0","Concordia-St. Paul","0","Totals","Away","","1.0","24.0","33.0","9.0","0.0","0.0","0.0","2.0","1.0","0.0","0.0"
"0","Concordia-St. Paul","0","Opponent Totals","Away","","1.0","27.0","41.0","13.0","1.0","0.0","0.0","0.0","1.0","1.0","0.0"
"0","Texas Southern","0","Totals","Away","","35.0","854.0","1215.0","310.0","51.0","2.0","8.0","46.0","17.0","18.0","1.0"
"0","Texas Southern","0","Opponent Totals","Away","","35.0","924.0","1347.0","373.0","50.0","0.0","12.0","48.0","21.0","36.0","1.0"
"0","Prairie View","0","Totals","Away","","32.0","739.0","1067.0","281.0","47.0","0.0","8.0","54.0","14.0","20.0","0.0"
"0","Prairie View","0","Opponent Totals","Away","","32.0","816.0","1167.0","314.0","37.0","0.0","8.0","18.0","11.0","24.0","0.0"
"0","West Va. Tech","0","Totals","Away","","1.0","24.0","37.0","13.0","0.0","0.0","0.0","0.0","1.0","0.0","0.0"
"0","West Va. Tech","0","Opponent Totals","Away","","1.0","27.0","37.0","10.0","0.0","0.0","0.0","1.0","0.0","0.0","0.0"
"0","Concordia (MI)","0","Totals","Away","","1.0","24.0","34.0","8.0","2.0","0.0","0.0","3.0","0.0","0.0","0.0"
"0","Concordia (MI)","0","Opponent Totals","Away","","1.0","27.0","40.0","11.0","2.0","0.0","1.0","0.0","1.0","2.0","0.0"
"0","Bucknell","0","Totals","Away","","25.0","597.0","820.0","192.0","31.0","0.0","6.0","26.0","9.0","10.0","0.0"
"0","Bucknell","0","Opponent Totals","Away","","25.0","642.0","893.0","217.0","34.0","0.0","3.0","16.0","11.0","22.0","0.0"
"0","Nevada","0","Totals","Away","","29.0","762.0","1090.0","297.0","31.0","0.0","5.0","17.0","6.0","29.0","0.0"
"0","Nevada","0","Opponent Totals","Away","","29.0","810.0","1147.0","306.0","31.0","2.0","10.0","20.0","7.0","25.0","0.0"
"0","Siena","0","Totals","Away","","36.0","858.0","1240.0","331.0","51.0","0.0","6.0","52.0","13.0","23.0","0.0"
"0","Siena","0","Opponent Totals","Away","","36.0","936.0","1335.0","367.0","32.0","0.0","5.0","14.0","8.0","32.0","0.0"
"0","Walsh","0","Totals","Away","","1.0","24.0","35.0","9.0","2.0","0.0","1.0","4.0","1.0","0.0","0.0"
"0","Walsh","0","Opponent Totals","Away","","1.0","27.0","38.0","11.0","0.0","0.0","1.0","0.0","0.0","0.0","0.0"
"0","Western Mich.","0","Totals","Away","","24.0","605.0","848.0","215.0","28.0","1.0","2.0","13.0","6.0","17.0","0.0"
"0","Western Mich.","0","Opponent Totals","Away","","24.0","639.0","932.0","254.0","39.0","0.0","14.0","27.0","17.0","16.0","0.0"
"0","Western Ill.","0","Totals","Away","","31.0","779.0","1091.0","266.0","46.0","0.0","7.0","51.0","14.0","14.0","0.0"
"0","Western Ill.","0","Opponent Totals","Away","","31.0","846.0","1178.0","304.0","28.0","0.0","8.0","54.0","19.0","16.0","0.0"
"0","Sam Houston St.","0","Totals","Away","","23.0","606.0","847.0","221.0","20.0","0.0","8.0","10.0","3.0","24.0","0.0"
"0","Sam Houston St.","0","Opponent Totals","Away","","23.0","624.0","869.0","218.0","27.0","0.0","2.0","22.0","11.0","13.0","0.0"
"0","Alabama St.","0","Totals","Away","","22.0","572.0","860.0","241.0","47.0","0.0","3.0","29.0","7.0","15.0","0.0"
"0","Alabama St.","0","Opponent Totals","Away","","22.0","600.0","841.0","201.0","40.0","0.0","4.0","37.0","5.0","21.0","0.0"
"0","Rutgers","0","Totals","Away","","25.0","634.0","891.0","226.0","31.0","0.0","7.0","34.0","12.0","20.0","0.0"
"0","Rutgers","0","Opponent Totals","Away","","25.0","675.0","990.0","272.0","43.0","0.0","11.0","41.0","8.0","16.0","0.0"
"0","Hawaii","0","Totals","Away","","20.0","515.0","776.0","240.0","21.0","1.0","3.0","26.0","10.0","22.0","0.0"
"0","Hawaii","0","Opponent Totals","Away","","20.0","546.0","780.0","216.0","18.0","0.0","2.0","0.0","6.0","29.0","0.0"
"0","Kennesaw St.","0","Totals","Away","","20.0","500.0","729.0","201.0","28.0","1.0","3.0","19.0","10.0","16.0","0.0"
"0","Kennesaw St.","0","Opponent Totals","Away","","20.0","540.0","737.0","175.0","22.0","1.0","3.0","7.0","7.0","13.0","0.0"
"0","British Colum. (CAN)","0","Totals","Away","","1.0","24.0","33.0","9.0","0.0","0.0","1.0","0.0","0.0","1.0","0.0"
"0","British Colum. (CAN)","0","Opponent Totals","Away","","1.0","27.0","34.0","7.0","0.0","0.0","1.0","0.0","1.0","0.0","0.0"
"0","Michigan","0","Totals","Away","","28.0","712.0","1042.0","293.0","37.0","2.0","14.0","24.0","14.0","30.0","0.0"
"0","Michigan","0","Opponent Totals","Away","","28.0","756.0","1072.0","275.0","41.0","0.0","4.0","41.0","15.0","19.0","0.0"
"0","Coastal Caro.","0","Totals","Away","","23.0","605.0","832.0","207.0","20.0","0.0","4.0","11.0","9.0","20.0","0.0"
"0","Coastal Caro.","0","Opponent Totals","Away","","23.0","633.0","870.0","206.0","31.0","1.0","8.0","19.0","13.0","10.0","0.0"
"0","Ind.-Kokomo","0","Totals","Away"
"0","Ind.-Kokomo","0","Totals","Away"
"0","VMI","0","Totals","Away","","27.0","686.0","927.0","215.0","26.0","0.0","9.0","39.0","7.0","15.0","0.0"
"0","VMI","0","Opponent Totals","Away","","27.0","735.0","974.0","216.0","23.0","0.0","6.0","61.0","11.0","16.0","0.0"
"0","Lakeland","0","Totals","Away","","1.0","24.0","35.0","9.0","2.0","0.0","1.0","2.0","0.0","1.0","0.0"
"0","Lakeland","0","Opponent Totals","Away","","1.0","27.0","38.0","10.0","1.0","0.0","0.0","0.0","0.0","2.0","0.0"
"0","New Mexico","0","Totals","Away","","26.0","661.0","940.0","237.0","42.0","0.0","5.0","28.0","6.0","23.0","0.0"
"0","New Mexico","0","Opponent Totals","Away","","26.0","711.0","1035.0","303.0","21.0","0.0","8.0","17.0","9.0","25.0","0.0"
"0","Notre Dame","0","Totals","Away","","23.0","580.0","807.0","201.0","26.0","0.0","4.0","26.0","9.0","21.0","0.0"
"0","Notre Dame","0","Opponent Totals","Away","","23.0","624.0","899.0","256.0","19.0","0.0","6.0","23.0","7.0","17.0","0.0"
"0","East Carolina","0","Totals","Away","","27.0","708.0","1024.0","291.0","25.0","1.0","7.0","13.0","8.0","16.0","0.0"
"0","East Carolina","0","Opponent Totals","Away","","27.0","729.0","1013.0","248.0","36.0","0.0","7.0","43.0","16.0","21.0","0.0"
"0","Cornell College","0","Totals","Away","","1.0","24.0","35.0","7.0","4.0","0.0","0.0","0.0","1.0","0.0","0.0"
"0","Cornell College","0","Opponent Totals","Away","","1.0","27.0","34.0","7.0","0.0","0.0","0.0","0.0","0.0","0.0","0.0"
"0","Ga. Southern","0","Totals","Away","","24.0","625.0","872.0","216.0","31.0","0.0","6.0","16.0","13.0","18.0","0.0"
"0","Ga. Southern","0","Opponent Totals","Away","","24.0","663.0","953.0","260.0","30.0","0.0","2.0","19.0","10.0","28.0","0.0"
"0","Marist","0","Totals","Away","","30.0","739.0","1073.0","290.0","44.0","0.0","8.0","32.0","10.0","20.0","0.0"
"0","Marist","0","Opponent Totals","Away","","30.0","789.0","1094.0","272.0","33.0","0.0","3.0","34.0","8.0","21.0","0.0"
"0","Saint Mary's (CA)","0","Totals","Away","","31.0","799.0","1127.0","297.0","31.0","0.0","2.0","18.0","9.0","27.0","0.0"
"0","Saint Mary's (CA)","0","Opponent Totals","Away","","31.0","842.0","1187.0","309.0","36.0","1.0","4.0","18.0","13.0","36.0","1.0"
"0","Charlotte","0","Totals","Away","","25.0","641.0","887.0","210.0","36.0","0.0","3.0","17.0","7.0","20.0","0.0"
"0","Charlotte","0","Opponent Totals","Away","","25.0","681.0","972.0","258.0","33.0","0.0","7.0","17.0","3.0","19.0","0.0"
"0","High Point","0","Totals","Away","","29.0","762.0","1058.0","269.0","27.0","0.0","12.0","22.0","8.0","27.0","0.0"
"0","High Point","0","Opponent Totals","Away","","29.0","795.0","1103.0","273.0","35.0","0.0","4.0","34.0","15.0","18.0","0.0"
"0","Indiana St.","0","Totals","Away","","33.0","855.0","1256.0","364.0","37.0","1.0","7.0","17.0","13.0","28.0","0.0"
"0","Indiana St.","0","Opponent Totals","Away","","33.0","891.0","1238.0","310.0","37.0","0.0","9.0","31.0","14.0","25.0","0.0"
"0","George Washington","0","Totals","Away","","28.0","726.0","1017.0","248.0","43.0","0.0","8.0","32.0","7.0","25.0","0.0"
"0","George Washington","0","Opponent Totals","Away","","28.0","774.0","1106.0","303.0","29.0","0.0","7.0","40.0","16.0","14.0","0.0"
"0","North Dakota St.","0","Totals","Away","","27.0","674.0","959.0","265.0","20.0","0.0","8.0","25.0","7.0","32.0","0.0"
"0","North Dakota St.","0","Opponent Totals","Away","","27.0","720.0","1009.0","257.0","32.0","1.0","10.0","15.0","10.0","17.0","0.0"
"0","Western Ky.","0","Totals","Away","","23.0","583.0","801.0","192.0","26.0","0.0","4.0","27.0","6.0","16.0","0.0"
"0","Western Ky.","0","Opponent Totals","Away","","23.0","621.0","885.0","229.0","35.0","0.0","1.0","16.0","11.0","14.0","0.0"
"0","Yale","0","Totals","Away","","23.0","635.0","873.0","227.0","11.0","0.0","6.0","26.0","8.0","18.0","0.0"
"0","Yale","0","Opponent Totals","Away","","23.0","663.0","934.0","235.0","36.0","0.0","4.0","17.0","6.0","22.0","0.0"
"0","Judson (IL)","0","Totals","Away","","1.0","24.0","35.0","8.0","3.0","0.0","0.0","2.0","0.0","0.0","0.0"
"0","Judson (IL)","0","Opponent Totals","Away","","1.0","27.0","42.0","14.0","1.0","0.0","0.0","0.0","0.0","1.0","0.0"
"0","Stony Brook","0","Totals","Away","","26.0","637.0","893.0","235.0","21.0","0.0","6.0","19.0","10.0","18.0","0.0"
"0","Stony Brook","0","Opponent Totals","Away","","26.0","678.0","961.0","241.0","42.0","0.0","3.0","21.0","16.0","15.0","0.0"
"0","Oakland","0","Totals","Away","","31.0","768.0","1083.0","267.0","48.0","0.0","10.0","50.0","10.0","18.0","0.0"
"0","Oakland","0","Opponent Totals","Away","","31.0","837.0","1171.0","301.0","33.0","0.0","6.0","47.0","12.0","18.0","0.0"
"0","Concordia (AL)","0","Totals","Away","","2.0","36.0","56.0","19.0","1.0","0.0","0.0","0.0","3.0","0.0","0.0"
"0","Concordia (AL)","0","Opponent Totals","Away","","2.0","42.0","58.0","15.0","1.0","0.0","0.0","0.0","2.0","1.0","0.0"
"0","Georgia Tech","0","Totals","Away","","22.0","566.0","791.0","196.0","29.0","0.0","4.0","11.0","5.0","13.0","0.0"
"0","Georgia Tech","0","Opponent Totals","Away","","22.0","612.0","837.0","200.0","25.0","1.0","5.0","9.0","4.0","16.0","0.0"
"0","Wake Forest","0","Totals","Away","","26.0","697.0","939.0","212.0","30.0","0.0","6.0","35.0","5.0","13.0","0.0"
"0","Wake Forest","0","Opponent Totals","Away","","26.0","744.0","1032.0","263.0","25.0","0.0","11.0","32.0","9.0","25.0","0.0"
"0","Xavier","0","Totals","Away","","39.0","976.0","1340.0","330.0","34.0","1.0","10.0","33.0","19.0","27.0","0.0"
"0","Xavier","0","Opponent Totals","Away","","39.0","1047.0","1398.0","312.0","39.0","0.0","8.0","49.0","18.0","24.0","0.0"
"0","Southern Miss.","0","Totals","Away","","26.0","676.0","965.0","271.0","18.0","0.0","3.0","20.0","11.0","21.0","0.0"
"0","Southern Miss.","0","Opponent Totals","Away","","26.0","696.0","968.0","232.0","40.0","0.0","7.0","26.0","15.0","16.0","0.0"
"0","UNCG","0","Totals","Away","","21.0","556.0","792.0","221.0","15.0","0.0","3.0","20.0","9.0","16.0","0.0"
"0","UNCG","0","Opponent Totals","Away","","21.0","573.0","822.0","221.0","28.0","0.0","5.0","35.0","13.0","11.0","0.0"
"0","Arizona St.","0","Totals","Away","","20.0","522.0","751.0","203.0","26.0","0.0","1.0","13.0","3.0","16.0","0.0"
"0","Arizona St.","0","Opponent Totals","Away","","20.0","558.0","777.0","208.0","11.0","0.0","1.0","11.0","9.0","21.0","0.0"
"0","LSU-Alexandria","0","Totals","Away","","1.0","24.0","34.0","9.0","1.0","0.0","0.0","1.0","1.0","0.0","0.0"
"0","LSU-Alexandria","0","Opponent Totals","Away","","1.0","27.0","41.0","13.0","1.0","0.0","0.0","0.0","0.0","2.0","0.0"
"0","Jacksonville","0","Totals","Away","","27.0","706.0","981.0","249.0","26.0","0.0","3.0","21.0","7.0","17.0","0.0"
"0","Jacksonville","0","Opponent Totals","Away","","27.0","741.0","1062.0","293.0","28.0","0.0","5.0","15.0","8.0","19.0","0.0"
"0","Winthrop","0","Totals","Away","","27.0","689.0","970.0","242.0","39.0","1.0","6.0","59.0","8.0","12.0","0.0"
"0","Winthrop","0","Opponent Totals","Away","","27.0","744.0","1035.0","269.0","22.0","0.0","4.0","13.0","5.0","24.0","0.0"
"0","Samford","0","Totals","Away","","25.0","638.0","888.0","214.0","36.0","0.0","5.0","30.0","6.0","11.0","0.0"
"0","Samford","0","Opponent Totals","Away","","25.0","666.0","964.0","261.0","37.0","0.0","8.0","27.0","8.0","23.0","0.0"
"0","Col. of Charleston","0","Totals","Away","","20.0","518.0","745.0","212.0","15.0","0.0","5.0","14.0","3.0","17.0","0.0"
"0","Col. of Charleston","0","Opponent Totals","Away","","20.0","549.0","796.0","222.0","25.0","0.0","6.0","28.0","9.0","17.0","0.0"
"0","Bethune-Cookman","0","Totals","Away","","33.0","808.0","1126.0","279.0","39.0","1.0","8.0","37.0","10.0","16.0","0.0"
"0","Bethune-Cookman","0","Opponent Totals","Away","","33.0","870.0","1247.0","327.0","50.0","0.0","11.0","22.0","12.0","26.0","0.0"
"0","UCLA","0","Totals","Away","","28.0","734.0","1014.0","265.0","15.0","0.0","3.0","17.0","7.0","19.0","0.0"
"0","UCLA","0","Opponent Totals","Away","","28.0","774.0","1062.0","266.0","22.0","0.0","4.0","25.0","11.0","12.0","0.0"
"0","Campbell","0","Totals","Away","","25.0","651.0","909.0","234.0","24.0","0.0","9.0","32.0","13.0","25.0","1.0"
"0","Campbell","0","Opponent Totals","Away","","25.0","678.0","900.0","192.0","30.0","0.0","7.0","39.0","8.0","7.0","0.0"
"0","Cal St. Fullerton","0","Totals","Away","","32.0","832.0","1175.0","309.0","34.0","1.0","4.0","22.0","5.0","19.0","0.0"
"0","Cal St. Fullerton","0","Opponent Totals","Away","","32.0","873.0","1268.0","358.0","37.0","0.0","7.0","20.0","12.0","19.0","0.0"
"0","Adams St.","0","Totals","Away","","1.0","25.0","33.0","7.0","1.0","0.0","1.0","3.0","0.0","1.0","0.0"
"0","Adams St.","0","Opponent Totals","Away","","1.0","27.0","41.0","14.0","0.0","0.0","0.0","0.0","0.0","0.0","0.0"
"0","Northwestern","0","Totals","Away","","26.0","656.0","917.0","229.0","32.0","0.0","10.0","40.0","8.0","20.0","0.0"
"0","Northwestern","0","Opponent Totals","Away","","26.0","699.0","982.0","255.0","28.0","0.0","6.0","46.0","20.0","18.0","0.0"
"0","Kansas","0","Totals","Away","","26.0","661.0","894.0","200.0","33.0","0.0","7.0","27.0","8.0","16.0","0.0"
"0","Kansas","0","Opponent Totals","Away","","26.0","717.0","1003.0","261.0","25.0","1.0","3.0","10.0","9.0","23.0","0.0"
"0","Savannah St.","0","Totals","Away","","20.0","467.0","649.0","151.0","31.0","0.0","8.0","44.0","0.0","10.0","0.0"
"0","Savannah St.","0","Opponent Totals","Away","","20.0","515.0","744.0","209.0","20.0","0.0","1.0","24.0","12.0","11.0","0.0"
"0","Norfolk St.","0","Totals","Away","","21.0","516.0","727.0","171.0","40.0","0.0","4.0","24.0","12.0","9.0","0.0"
"0","Norfolk St.","0","Opponent Totals","Away","","21.0","540.0","767.0","184.0","43.0","0.0","5.0","54.0","16.0","10.0","0.0"
"0","Penn","0","Totals","Away","","31.0","802.0","1173.0","338.0","33.0","0.0","9.0","34.0","7.0","36.0","0.0"
"0","Penn","0","Opponent Totals","Away","","31.0","861.0","1248.0","347.0","40.0","2.0","4.0","17.0","7.0","27.0","0.0"
"0","Morehead St.","0","Totals","Away","","35.0","923.0","1315.0","353.0","39.0","0.0","5.0","39.0","11.0","36.0","0.0"
"0","Morehead St.","0","Opponent Totals","Away","","35.0","969.0","1385.0","360.0","56.0","0.0","5.0","22.0","10.0","40.0","0.0"
"0","Iowa","0","Totals","Away","","22.0","568.0","790.0","196.0","26.0","0.0","4.0","8.0","6.0","22.0","0.0"
"0","Iowa","0","Opponent Totals","Away","","22.0","600.0","831.0","208.0","23.0","1.0","4.0","22.0","10.0","19.0","0.0"
"0","Columbia","0","Totals","Away","","32.0","801.0","1156.0","313.0","42.0","1.0","1.0","42.0","18.0","16.0","0.0"
"0","Columbia","0","Opponent Totals","Away","","32.0","864.0","1198.0","299.0","35.0","0.0","3.0","13.0","4.0","24.0","0.0"
"0","Colo. Christian","0","Totals","Away","","1.0","24.0","37.0","10.0","3.0","0.0","0.0","2.0","0.0","1.0","0.0"
"0","Colo. Christian","0","Opponent Totals","Away","","1.0","27.0","38.0","10.0","1.0","0.0","0.0","2.0","2.0","0.0","0.0"
"0","Webber Int'l","0","Totals","Away"
"0","Webber Int'l","0","Totals","Away"
"0","Texas","0","Totals","Away","","24.0","612.0","879.0","242.0","25.0","0.0","3.0","23.0","7.0","29.0","0.0"
"0","Texas","0","Opponent Totals","Away","","24.0","648.0","882.0","213.0","21.0","0.0","4.0","29.0","8.0","15.0","0.0"
"0","Miami (FL)","0","Totals","Away","","20.0","525.0","739.0","191.0","23.0","0.0","2.0","7.0","7.0","15.0","0.0"
"0","Miami (FL)","0","Opponent Totals","Away","","20.0","561.0","771.0","194.0","16.0","0.0","2.0","24.0","11.0","16.0","0.0"
"0","Richmond","0","Totals","Away","","25.0","655.0","904.0","230.0","19.0","0.0","3.0","33.0","16.0","8.0","0.0"
"0","Richmond","0","Opponent Totals","Away","","25.0","693.0","973.0","252.0","28.0","0.0","1.0","8.0","13.0","16.0","0.0"
"0","Brown","0","Totals","Away","","22.0","567.0","784.0","192.0","25.0","1.0","3.0","22.0","9.0","27.0","0.0"
"0","Brown","0","Opponent Totals","Away","","22.0","609.0","869.0","231.0","29.0","0.0","2.0","21.0","6.0","13.0","0.0"
"0","Concordia-M'head","0","Totals","Away","","1.0","20.0","24.0","3.0","1.0","0.0","0.0","3.0","0.0","0.0","0.0"
"0","Concordia-M'head","0","Opponent Totals","Away","","1.0","21.0","29.0","8.0","0.0","0.0","0.0","0.0","0.0","1.0","0.0"
"0","Penn St.","0","Totals","Away","","25.0","634.0","856.0","192.0","30.0","0.0","9.0","17.0","7.0","10.0","0.0"
"0","Penn St.","0","Opponent Totals","Away","","25.0","687.0","920.0","211.0","22.0","2.0","5.0","19.0","5.0","14.0","0.0"
"0","Radford","0","Totals","Away","","35.0","924.0","1291.0","335.0","32.0","0.0","10.0","35.0","11.0","23.0","0.0"
"0","Radford","0","Opponent Totals","Away","","35.0","975.0","1361.0","343.0","43.0","1.0","8.0","43.0","22.0","26.0","0.0"
"0","Elon","0","Totals","Away","","20.0","522.0","745.0","198.0","25.0","0.0","8.0","21.0","5.0","11.0","0.0"
"0","Elon","0","Opponent Totals","Away","","20.0","549.0","782.0","199.0","34.0","0.0","4.0","24.0","7.0","19.0","0.0"
"0","Valparaiso","0","Totals","Away","","36.0","926.0","1321.0","362.0","33.0","0.0","7.0","29.0","15.0","29.0","0.0"
"0","Valparaiso","0","Opponent Totals","Away","","36.0","981.0","1323.0","303.0","39.0","0.0","9.0","24.0","12.0","25.0","0.0"
"0","Liberty","0","Totals","Away","","29.0","733.0","1004.0","243.0","28.0","0.0","3.0","16.0","10.0","18.0","0.0"
"0","Liberty","0","Opponent Totals","Away","","29.0","780.0","1065.0","247.0","38.0","0.0","11.0","28.0","9.0","20.0","0.0"
"0","Alabama","0","Totals","Away","","21.0","523.0","768.0","216.0","29.0","1.0","3.0","12.0","6.0","17.0","0.0"
"0","Alabama","0","Opponent Totals","Away","","21.0","567.0","783.0","194.0","22.0","0.0","6.0","12.0","7.0","13.0","0.0"
"0","Mississippi St.","0","Totals","Away","","35.0","929.0","1280.0","319.0","32.0","0.0","8.0","20.0","13.0","26.0","0.0"
"0","Mississippi St.","0","Opponent Totals","Away","","35.0","981.0","1398.0","381.0","36.0","0.0","9.0","18.0","7.0","26.0","0.0"
"0","Purdue","0","Totals","Away","","31.0","815.0","1151.0","297.0","39.0","0.0","7.0","24.0","14.0","28.0","0.0"
"0","Purdue","0","Opponent Totals","Away","","31.0","858.0","1296.0","389.0","49.0","1.0","6.0","44.0","27.0","38.0","0.0"
"0","UNC Asheville","0","Totals","Away","","31.0","763.0","1054.0","261.0","30.0","0.0","7.0","41.0","7.0","26.0","0.0"
"0","UNC Asheville","0","Opponent Totals","Away","","31.0","837.0","1046.0","178.0","31.0","0.0","7.0","21.0","7.0","18.0","0.0"
"0","Morehouse","0","Totals","Away","","1.0","14.0","22.0","7.0","1.0","0.0","1.0","2.0","0.0","1.0","0.0"
"0","Morehouse","0","Opponent Totals","Away","","1.0","15.0","21.0","5.0","1.0","0.0","0.0","0.0","0.0","0.0","0.0"
"0","Nebraska","0","Totals","Away","","23.0","582.0","832.0","224.0","26.0","1.0","3.0","21.0","7.0","13.0","0.0"
"0","Nebraska","0","Opponent Totals","Away","","23.0","627.0","868.0","214.0","27.0","0.0","4.0","20.0","4.0","23.0","0.0"
"0","Omaha","0","Totals","Away","","31.0","756.0","1088.0","297.0","35.0","2.0","5.0","38.0","9.0","18.0","0.0"
"0","Omaha","0","Opponent Totals","Away","","31.0","825.0","1197.0","342.0","30.0","0.0","8.0","29.0","3.0","26.0","0.0"
"0","West Virginia","0","Totals","Away","","31.0","798.0","1111.0","264.0","49.0","0.0","3.0","35.0","8.0","23.0","0.0"
"0","West Virginia","0","Opponent Totals","Away","","31.0","852.0","1225.0","327.0","46.0","3.0","5.0","41.0","16.0","25.0","0.0"
"0","Eastern Mich.","0","Totals","Away","","35.0","910.0","1329.0","380.0","39.0","1.0","4.0","36.0","16.0","27.0","1.0"
"0","Eastern Mich.","0","Opponent Totals","Away","","35.0","972.0","1386.0","355.0","59.0","2.0","10.0","66.0","25.0","26.0","0.0"
"0","Harvard","0","Totals","Away","","33.0","836.0","1188.0","312.0","40.0","0.0","9.0","43.0","12.0","23.0","0.0"
"0","Harvard","0","Opponent Totals","Away","","33.0","885.0","1237.0","312.0","40.0","0.0","7.0","25.0","12.0","26.0","0.0"
"0","FGCU","0","Totals","Away","","23.0","596.0","861.0","235.0","30.0","0.0","6.0","14.0","6.0","13.0","0.0"
"0","FGCU","0","Opponent Totals","Away","","23.0","624.0","850.0","194.0","32.0","0.0","9.0","19.0","7.0","14.0","0.0"
"0","Missouri St.","0","Totals","Away","","26.0","670.0","932.0","234.0","28.0","0.0","1.0","22.0","4.0","24.0","0.0"
"0","Missouri St.","0","Opponent Totals","Away","","26.0","699.0","935.0","211.0","25.0","0.0","3.0","17.0","9.0","21.0","0.0"
"0","UC Davis","0","Totals","Away","","27.0","683.0","980.0","271.0","26.0","1.0","10.0","24.0","7.0","27.0","0.0"
"0","UC Davis","0","Opponent Totals","Away","","27.0","738.0","1060.0","297.0","25.0","0.0","12.0","16.0","14.0","23.0","0.0"
"0","Dallas Christian","0","Totals","Away","","2.0","48.0","65.0","14.0","3.0","0.0","2.0","6.0","0.0","1.0","0.0"
"0","Dallas Christian","0","Opponent Totals","Away","","2.0","54.0","84.0","30.0","0.0","0.0","0.0","0.0","1.0","3.0","0.0"
"0","Sul Ross St.","0","Totals","Away","","1.0","24.0","33.0","9.0","0.0","0.0","0.0","1.0","0.0","0.0","0.0"
"0","Sul Ross St.","0","Opponent Totals","Away","","1.0","27.0","42.0","15.0","0.0","0.0","0.0","0.0","0.0","3.0","0.0"
"0","Northeastern","0","Totals","Away","","30.0","798.0","1108.0","279.0","31.0","2.0","4.0","38.0","12.0","22.0","0.0"
"0","Northeastern","0","Opponent Totals","Away","","30.0","837.0","1189.0","314.0","38.0","0.0","5.0","48.0","12.0","19.0","0.0"
"0","Rice","0","Totals","Away","","26.0","669.0","926.0","226.0","31.0","0.0","5.0","31.0","9.0","20.0","1.0"
"0","Rice","0","Opponent Totals","Away","","26.0","717.0","995.0","251.0","27.0","2.0","5.0","13.0","8.0","21.0","0.0"
"0","BYU","0","Totals","Away","","29.0","731.0","1032.0","272.0","29.0","0.0","2.0","11.0","5.0","23.0","0.0"
"0","BYU","0","Opponent Totals","Away","","29.0","786.0","1085.0","266.0","33.0","0.0","3.0","13.0","5.0","20.0","0.0"
"0","McNeese","0","Totals","Away","","27.0","681.0","991.0","269.0","41.0","2.0","4.0","36.0","12.0","24.0","0.0"
"0","McNeese","0","Opponent Totals","Away","","27.0","729.0","1028.0","276.0","23.0","0.0","3.0","27.0","14.0","33.0","1.0"
"0","Texas A&M","0","Totals","Away","","21.0","534.0","753.0","201.0","18.0","0.0","3.0","17.0","7.0","13.0","0.0"
"0","Texas A&M","0","Opponent Totals","Away","","21.0","567.0","786.0","193.0","26.0","1.0","5.0","9.0","0.0","19.0","0.0"
"0","Jarvis Christian","0","Totals","Away","","2.0","39.0","59.0","18.0","2.0","0.0","2.0","6.0","0.0","0.0","0.0"
"0","Jarvis Christian","0","Opponent Totals","Away","","2.0","42.0","66.0","18.0","6.0","0.0","2.0","0.0","0.0","3.0","0.0"
"0","Davidson","0","Totals","Away","","21.0","540.0","757.0","197.0","20.0","0.0","7.0","17.0","9.0","16.0","0.0"
"0","Davidson","0","Opponent Totals","Away","","21.0","567.0","756.0","175.0","14.0","0.0","9.0","23.0","3.0","19.0","0.0"
"0","Delaware St.","0","Totals","Away","","23.0","542.0","794.0","209.0","43.0","0.0","5.0","41.0","17.0","16.0","0.0"
"0","Delaware St.","0","Opponent Totals","Away","","23.0","591.0","860.0","233.0","36.0","0.0","5.0","18.0","10.0","15.0","0.0"
"0","Mont. St. Billings","0","Totals","Away","","3.0","69.0","94.0","23.0","2.0","0.0","2.0","2.0","3.0","1.0","0.0"
"0","Mont. St. Billings","0","Opponent Totals","Away","","3.0","75.0","101.0","22.0","4.0","0.0","0.0","1.0","0.0","1.0","0.0"
"0","Georgia St.","0","Totals","Away","","23.0","584.0","833.0","213.0","36.0","0.0","4.0","27.0","7.0","14.0","0.0"
"0","Georgia St.","0","Opponent Totals","Away","","23.0","624.0","888.0","234.0","30.0","1.0","3.0","25.0","5.0","18.0","0.0"
"0","Central Ark.","0","Totals","Away","","21.0","537.0","754.0","202.0","15.0","0.0","3.0","17.0","14.0","10.0","0.0"
"0","Central Ark.","0","Opponent Totals","Away","","21.0","567.0","801.0","206.0","28.0","0.0","4.0","10.0","5.0","24.0","0.0"
"0","UNCW","0","Totals","Away","","23.0","600.0","872.0","239.0","33.0","2.0","4.0","24.0","8.0","18.0","0.0"
"0","UNCW","0","Opponent Totals","Away","","23.0","627.0","883.0","220.0","36.0","0.0","5.0","22.0","8.0","17.0","0.0"
"0","Minnesota","0","Totals","Away","","23.0","616.0","870.0","233.0","21.0","0.0","2.0","17.0","5.0","23.0","0.0"
"0","Minnesota","0","Opponent Totals","Away","","23.0","633.0","908.0","237.0","38.0","0.0","12.0","24.0","9.0","16.0","0.0"
"0","Louisiana Tech","0","Totals","Away","","30.0","811.0","1146.0","309.0","26.0","0.0","4.0","19.0","5.0","29.0","0.0"
"0","Louisiana Tech","0","Opponent Totals","Away","","30.0","837.0","1221.0","337.0","47.0","0.0","8.0","29.0","19.0","28.0","0.0"
"0","The Citadel","0","Totals","Away","","18.0","458.0","618.0","144.0","16.0","0.0","3.0","25.0","12.0","11.0","0.0"
"0","The Citadel","0","Opponent Totals","Away","","18.0","489.0","688.0","179.0","20.0","0.0","1.0","25.0","12.0","9.0","0.0"
"0","Rider","0","Totals","Away","","31.0","742.0","1067.0","274.0","51.0","1.0","6.0","47.0","5.0","25.0","0.0"
"0","Rider","0","Opponent Totals","Away","","31.0","813.0","1145.0","283.0","49.0","0.0","6.0","27.0","11.0","28.0","0.0"
"0","San Francisco","0","Totals","Away","","28.0","731.0","1022.0","257.0","34.0","0.0","7.0","37.0","7.0","23.0","0.0"
"0","San Francisco","0","Opponent Totals","Away","","28.0","777.0","1095.0","282.0","36.0","0.0","7.0","28.0","16.0","21.0","0.0"
"0","Southern California","0","Totals","Away","","23.0","583.0","805.0","207.0","15.0","0.0","8.0","21.0","6.0","27.0","0.0"
"0","Southern California","0","Opponent Totals","Away","","23.0","621.0","861.0","221.0","19.0","0.0","6.0","13.0","7.0","14.0","0.0"
"0","Kentucky St.","0","Totals","Away","","1.0","24.0","36.0","11.0","1.0","0.0","0.0","1.0","0.0","1.0","0.0"
"0","Kentucky St.","0","Opponent Totals","Away","","1.0","27.0","39.0","10.0","2.0","0.0","0.0","2.0","1.0","1.0","0.0"
"0","South Fla.","0","Totals","Away","","23.0","598.0","790.0","176.0","16.0","1.0","2.0","24.0","11.0","12.0","0.0"
"0","South Fla.","0","Opponent Totals","Away","","23.0","630.0","901.0","250.0","21.0","1.0","7.0","17.0","4.0","27.0","0.0"
"0","Middle Tenn.","0","Totals","Away","","24.0","631.0","865.0","208.0","26.0","0.0","4.0","30.0","5.0","24.0","0.0"
"0","Middle Tenn.","0","Opponent Totals","Away","","24.0","660.0","933.0","244.0","29.0","0.0","7.0","30.0","7.0","21.0","0.0"
"0","Lafayette","0","Totals","Away","","33.0","799.0","1157.0","310.0","48.0","2.0","8.0","45.0","15.0","24.0","0.0"
"0","Lafayette","0","Opponent Totals","Away","","33.0","861.0","1194.0","288.0","45.0","0.0","7.0","37.0","14.0","17.0","0.0"
"0","Florida A&M","0","Totals","Away","","22.0","535.0","772.0","195.0","42.0","0.0","6.0","28.0","8.0","21.0","0.0"
"0","Florida A&M","0","Opponent Totals","Away","","22.0","574.0","784.0","182.0","28.0","0.0","13.0","23.0","6.0","18.0","0.0"
"0","Regis (CO)","0","Totals","Away","","2.0","48.0","68.0","15.0","5.0","0.0","1.0","4.0","2.0","0.0","0.0"
"0","Regis (CO)","0","Opponent Totals","Away","","2.0","54.0","76.0","19.0","3.0","0.0","1.0","3.0","1.0","0.0","0.0"
"0","MSU Denver","0","Totals","Away","","1.0","24.0","30.0","6.0","0.0","0.0","0.0","1.0","0.0","1.0","0.0"
"0","MSU Denver","0","Opponent Totals","Away","","1.0","27.0","37.0","9.0","1.0","0.0","0.0","2.0","1.0","0.0","0.0"
"0","Ohio","0","Totals","Away","","32.0","833.0","1193.0","323.0","37.0","0.0","8.0","34.0","10.0","34.0","0.0"
"0","Ohio","0","Opponent Totals","Away","","32.0","882.0","1204.0","284.0","38.0","2.0","6.0","14.0","7.0","23.0","0.0"
"0","Lawrence Tech","0","Totals","Away","","3.0","75.0","111.0","30.0","6.0","0.0","4.0","7.0","1.0","4.0","0.0"
"0","Lawrence Tech","0","Opponent Totals","Away","","3.0","81.0","113.0","28.0","4.0","0.0","0.0","2.0","1.0","1.0","0.0"
"0","Miami-Hamilton","0","Totals","Away","","1.0","24.0","31.0","6.0","1.0","0.0","0.0","0.0","0.0","1.0","0.0"
"0","Miami-Hamilton","0","Opponent Totals","Away","","1.0","27.0","38.0","11.0","0.0","0.0","1.0","2.0","0.0","0.0","0.0"
"0","UMBC","0","Totals","Away","","27.0","660.0","946.0","257.0","29.0","0.0","2.0","25.0","8.0","10.0","0.0"
"0","UMBC","0","Opponent Totals","Away","","27.0","717.0","1044.0","295.0","32.0","0.0","3.0","26.0","12.0","29.0","0.0"
"0","Stetson","0","Totals","Away","","22.0","578.0","795.0","201.0","16.0","0.0","4.0","12.0","6.0","5.0","0.0"
"0","Stetson","0","Opponent Totals","Away","","22.0","602.0","835.0","210.0","23.0","0.0","8.0","25.0","7.0","11.0","0.0"
"0","North Carolina","0","Totals","Away","","28.0","726.0","980.0","227.0","27.0","1.0","6.0","20.0","9.0","21.0","0.0"
"0","North Carolina","0","Opponent Totals","Away","","28.0","756.0","1031.0","239.0","36.0","0.0","10.0","14.0","9.0","16.0","0.0"
"0","Alabama A&M","0","Totals","Away","","28.0","691.0","1010.0","267.0","52.0","0.0","8.0","52.0","17.0","21.0","0.0"
"0","Alabama A&M","0","Opponent Totals","Away","","28.0","759.0","1090.0","286.0","45.0","0.0","2.0","19.0","11.0","12.0","1.0"
"0","Miami (OH)","0","Totals","Away","","25.0","653.0","929.0","252.0","24.0","0.0","6.0","21.0","17.0","18.0","0.0"
"0","Miami (OH)","0","Opponent Totals","Away","","25.0","687.0","975.0","257.0","31.0","1.0","2.0","36.0","22.0","21.0","0.0"
"0","Mt. St. Mary's","0","Totals","Away","","32.0","753.0","1048.0","269.0","26.0","0.0","13.0","43.0","16.0","23.0","0.0"
"0","Mt. St. Mary's","0","Opponent Totals","Away","","32.0","825.0","1173.0","305.0","43.0","2.0","5.0","33.0","10.0","18.0","0.0"
"0","Anderson (IN)","0","Totals","Away","","1.0","24.0","36.0","9.0","3.0","0.0","1.0","2.0","0.0","0.0","0.0"
"0","Anderson (IN)","0","Opponent Totals","Away","","1.0","27.0","34.0","7.0","0.0","0.0","0.0","2.0","0.0","0.0","0.0"
"0","Belmont","0","Totals","Away","","26.0","666.0","961.0","263.0","32.0","0.0","11.0","44.0","14.0","18.0","0.0"
"0","Belmont","0","Opponent Totals","Away","","26.0","717.0","996.0","254.0","25.0","0.0","5.0","26.0","8.0","17.0","0.0"
"0","Fordham","0","Totals","Away","","26.0","681.0","914.0","208.0","25.0","0.0","4.0","15.0","8.0","12.0","0.0"
"0","Fordham","0","Opponent Totals","Away","","26.0","705.0","1015.0","277.0","33.0","0.0","7.0","64.0","27.0","16.0","0.0"
"0","UTSA","0","Totals","Away","","23.0","594.0","874.0","249.0","31.0","1.0","0.0","28.0","6.0","18.0","0.0"
"0","UTSA","0","Opponent Totals","Away","","23.0","621.0","899.0","243.0","35.0","0.0","3.0","22.0","10.0","19.0","0.0"
"0","Longwood","0","Totals","Away","","28.0","703.0","957.0","219.0","35.0","0.0","8.0","46.0","13.0","14.0","0.0"
"0","Longwood","0","Opponent Totals","Away","","28.0","765.0","1062.0","271.0","26.0","0.0","6.0","40.0","15.0","12.0","0.0"
"0","Furman","0","Totals","Away","","25.0","630.0","895.0","232.0","33.0","0.0","2.0","32.0","10.0","23.0","0.0"
"0","Furman","0","Opponent Totals","Away","","25.0","672.0","944.0","243.0","29.0","0.0","1.0","11.0","8.0","24.0","0.0"
"0","Utah","0","Totals","Away","","31.0","782.0","1095.0","288.0","25.0","0.0","13.0","29.0","17.0","17.0","0.0"
"0","Utah","0","Opponent Totals","Away","","31.0","846.0","1216.0","330.0","40.0","0.0","2.0","32.0","14.0","21.0","0.0"
"0","Youngstown St.","0","Totals","Away","","38.0","934.0","1351.0","358.0","59.0","0.0","10.0","47.0","19.0","23.0","0.0"
"0","Youngstown St.","0","Opponent Totals","Away","","38.0","1017.0","1403.0","354.0","32.0","0.0","8.0","63.0","18.0","27.0","0.0"
"0","San Diego","0","Totals","Away","","26.0","654.0","913.0","240.0","19.0","1.0","16.0","15.0","8.0","19.0","0.0"
"0","San Diego","0","Opponent Totals","Away","","26.0","702.0","1014.0","279.0","33.0","1.0","4.0","24.0","12.0","29.0","1.0"
"0","Oregon St.","0","Totals","Away","","26.0","688.0","954.0","243.0","23.0","0.0","4.0","5.0","9.0","20.0","0.0"
"0","Oregon St.","0","Opponent Totals","Away","","26.0","702.0","989.0","265.0","22.0","0.0","6.0","22.0","8.0","36.0","0.0"
"0","Hofstra","0","Totals","Away","","27.0","690.0","956.0","244.0","22.0","0.0","6.0","20.0","7.0","19.0","0.0"
"0","Hofstra","0","Opponent Totals","Away","","27.0","726.0","963.0","204.0","33.0","0.0","6.0","25.0","9.0","20.0","0.0"
"0","USC Upstate","0","Totals","Away","","17.0","420.0","578.0","130.0","28.0","0.0","2.0","20.0","6.0","10.0","0.0"
"0","USC Upstate","0","Opponent Totals","Away","","17.0","453.0","651.0","176.0","22.0","0.0","7.0","14.0","3.0","14.0","0.0"
"0","Villanova","0","Totals","Away","","24.0","606.0","844.0","202.0","36.0","0.0","5.0","30.0","14.0","17.0","0.0"
"0","Villanova","0","Opponent Totals","Away","","24.0","660.0","905.0","208.0","37.0","0.0","4.0","10.0","8.0","17.0","0.0"
"0","Spring Arbor","0","Totals","Away","","1.0","27.0","36.0","7.0","2.0","0.0","0.0","1.0","0.0","1.0","0.0"
"0","Spring Arbor","0","Opponent Totals","Away","","1.0","27.0","37.0","8.0","2.0","0.0","1.0","1.0","1.0","1.0","0.0"
"0","Wiley","0","Totals","Away","","2.0","41.0","70.0","24.0","5.0","0.0","1.0","3.0","2.0","2.0","0.0"
"0","Wiley","0","Opponent Totals","Away","","2.0","45.0","65.0","19.0","1.0","0.0","0.0","1.0","0.0","0.0","0.0"
"0","CSUN","0","Totals","Away","","32.0","853.0","1239.0","351.0","35.0","0.0","5.0","25.0","14.0","30.0","0.0"
"0","CSUN","0","Opponent Totals","Away","","32.0","906.0","1251.0","309.0","36.0","1.0","9.0","19.0","14.0","19.0","0.0"
"0","Fla. Atlantic","0","Totals","Away","","29.0","740.0","992.0","222.0","30.0","0.0","3.0","23.0","7.0","11.0","0.0"
"0","Fla. Atlantic","0","Opponent Totals","Away","","29.0","780.0","1115.0","293.0","42.0","0.0","4.0","14.0","6.0","22.0","0.0"
"0","Seattle U","0","Totals","Away","","19.0","465.0","644.0","161.0","18.0","0.0","2.0","10.0","6.0","7.0","0.0"
"0","Seattle U","0","Opponent Totals","Away","","19.0","486.0","667.0","165.0","16.0","0.0","9.0","13.0","4.0","10.0","0.0"
"0","UTRGV","0","Totals","Away","","24.0","608.0","842.0","219.0","15.0","1.0","9.0","21.0","7.0","24.0","0.0"
"0","UTRGV","0","Opponent Totals","Away","","24.0","654.0","900.0","224.0","22.0","0.0","2.0","12.0","7.0","25.0","0.0"
"0","Jackson St.","0","Totals","Away","","20.0","510.0","723.0","181.0","32.0","0.0","2.0","14.0","14.0","18.0","1.0"
"0","Jackson St.","0","Opponent Totals","Away","","20.0","531.0","785.0","215.0","39.0","0.0","4.0","42.0","9.0","9.0","0.0"
"0","Middlebury","0","Totals","Away","","1.0","24.0","31.0","6.0","1.0","0.0","0.0","0.0","0.0","1.0","0.0"
"0","Middlebury","0","Opponent Totals","Away","","1.0","27.0","39.0","12.0","0.0","0.0","0.0","1.0","0.0","0.0","0.0"
"0","Appalachian St.","0","Totals","Away","","33.0","836.0","1158.0","293.0","29.0","0.0","3.0","29.0","20.0","20.0","0.0"
"0","Appalachian St.","0","Opponent Totals","Away","","33.0","897.0","1225.0","301.0","27.0","0.0","3.0","30.0","7.0","20.0","0.0"
"0","Wichita St.","0","Totals","Away","","23.0","584.0","787.0","177.0","26.0","0.0","2.0","14.0","8.0","20.0","0.0"
"0","Wichita St.","0","Opponent Totals","Away","","23.0","615.0","854.0","220.0","19.0","0.0","1.0","27.0","6.0","18.0","0.0"
"0","Georgetown","0","Totals","Away","","29.0","728.0","1018.0","251.0","39.0","0.0","6.0","46.0","9.0","11.0","0.0"
"0","Georgetown","0","Opponent Totals","Away","","29.0","789.0","1097.0","282.0","26.0","0.0","6.0","29.0","13.0","14.0","0.0"
"0","Arizona","0","Totals","Away","","25.0","654.0","930.0","245.0","31.0","0.0","3.0","6.0","12.0","16.0","0.0"
"0","Arizona","0","Opponent Totals","Away","","25.0","690.0","922.0","205.0","27.0","2.0","1.0","18.0","3.0","20.0","0.0"
"0","Vanderbilt","0","Totals","Away","","24.0","605.0","806.0","184.0","17.0","0.0","4.0","23.0","11.0","12.0","0.0"
"0","Vanderbilt","0","Opponent Totals","Away","","24.0","645.0","872.0","201.0","26.0","0.0","8.0","23.0","10.0","16.0","0.0"
"0","Kentucky","0","Totals","Away","","25.0","640.0","874.0","214.0","20.0","0.0","2.0","16.0","2.0","15.0","0.0"
"0","Kentucky","0","Opponent Totals","Away","","25.0","678.0","964.0","262.0","24.0","0.0","4.0","20.0","11.0","19.0","0.0"
"0","San Jose St.","0","Totals","Away","","30.0","769.0","1060.0","264.0","27.0","0.0","4.0","24.0","9.0","30.0","0.0"
"0","San Jose St.","0","Opponent Totals","Away","","30.0","822.0","1237.0","388.0","27.0","1.0","0.0","21.0","11.0","39.0","0.0"
"0","Florida","0","Totals","Away","","27.0","688.0","959.0","243.0","28.0","0.0","4.0","22.0","4.0","23.0","0.0"
"0","Florida","0","Opponent Totals","Away","","27.0","723.0","961.0","201.0","37.0","0.0","4.0","28.0","13.0","17.0","0.0"
"0","Monmouth","0","Totals","Away","","30.0","749.0","1049.0","270.0","30.0","0.0","0.0","32.0","14.0","11.0","0.0"
"0","Monmouth","0","Opponent Totals","Away","","30.0","795.0","1128.0","294.0","39.0","0.0","12.0","23.0","13.0","16.0","0.0"
"0","Delaware","0","Totals","Away","","26.0","687.0","937.0","219.0","31.0","1.0","3.0","28.0","12.0","14.0","0.0"
"0","Delaware","0","Opponent Totals","Away","","26.0","726.0","1009.0","252.0","31.0","0.0","9.0","32.0","11.0","15.0","0.0"
"0","Troy","0","Totals","Away","","28.0","722.0","1004.0","251.0","31.0","1.0","0.0","20.0","12.0","19.0","0.0"
"0","Troy","0","Opponent Totals","Away","","28.0","753.0","1020.0","232.0","35.0","0.0","9.0","51.0","12.0","22.0","0.0"
"0","Creighton","0","Totals","Away","","28.0","736.0","1023.0","254.0","33.0","1.0","3.0","11.0","11.0","11.0","0.0"
"0","Creighton","0","Opponent Totals","Away","","28.0","762.0","1063.0","257.0","44.0","0.0","11.0","47.0","14.0","13.0","0.0"
"0","Harris-Stowe","0","Totals","Away","","1.0","24.0","32.0","6.0","2.0","0.0","1.0","0.0","1.0","1.0","0.0"
"0","Harris-Stowe","0","Opponent Totals","Away","","1.0","27.0","36.0","9.0","0.0","0.0","1.0","1.0","0.0","1.0","0.0"
"0","Southeastern La.","0","Totals","Away","","23.0","609.0","870.0","232.0","29.0","0.0","2.0","14.0","6.0","20.0","0.0"
"0","Southeastern La.","0","Opponent Totals","Away","","23.0","633.0","905.0","247.0","25.0","0.0","4.0","46.0","15.0","16.0","0.0"
"0","UAB","0","Totals","Away","","22.0","564.0","782.0","195.0","23.0","0.0","6.0","19.0","10.0","14.0","0.0"
"0","UAB","0","Opponent Totals","Away","","22.0","603.0","871.0","244.0","24.0","0.0","2.0","24.0","7.0","17.0","0.0"
"0","Baylor","0","Totals","Away","","27.0","701.0","962.0","235.0","26.0","1.0","3.0","6.0","13.0","19.0","0.0"
"0","Baylor","0","Opponent Totals","Away","","27.0","735.0","1044.0","274.0","35.0","0.0","2.0","15.0","11.0","20.0","0.0"
"0","Incarnate Word","0","Totals","Away","","23.0","612.0","886.0","248.0","26.0","0.0","3.0","21.0","11.0","20.0","0.0"
"0","Incarnate Word","0","Opponent Totals","Away","","23.0","648.0","933.0","250.0","35.0","0.0","5.0","31.0","13.0","19.0","0.0"
"0","Delta St.","0","Totals","Away","","1.0","28.0","41.0","9.0","4.0","0.0","0.0","0.0","1.0","0.0","0.0"
"0","Delta St.","0","Opponent Totals","Away","","1.0","30.0","48.0","13.0","5.0","0.0","0.0","2.0","1.0","0.0","0.0"
"0","Puget Sound","0","Totals","Away","","1.0","24.0","34.0","9.0","1.0","0.0","0.0","1.0","1.0","0.0","0.0"
"0","Puget Sound","0","Opponent Totals","Away","","1.0","27.0","45.0","16.0","2.0","0.0","1.0","0.0","1.0","1.0","0.0"
"0","Virginia","0","Totals","Away","","19.0","496.0","711.0","198.0","17.0","0.0","5.0","15.0","10.0","10.0","0.0"
"0","Virginia","0","Opponent Totals","Away","","19.0","531.0","771.0","218.0","22.0","0.0","2.0","7.0","1.0","19.0","0.0"
"0","Seton Hall","0","Totals","Away","","28.0","711.0","982.0","229.0","42.0","0.0","3.0","11.0","3.0","21.0","0.0"
"0","Seton Hall","0","Opponent Totals","Away","","28.0","747.0","1057.0","269.0","41.0","0.0","9.0","25.0","13.0","25.0","0.0"
"0","New Mexico St.","0","Totals","Away","","31.0","800.0","1094.0","269.0","25.0","0.0","7.0","25.0","9.0","21.0","0.0"
"0","New Mexico St.","0","Opponent Totals","Away","","31.0","849.0","1216.0","328.0","39.0","2.0","2.0","7.0","3.0","30.0","0.0"
"0","Central Mich.","0","Totals","Away","","32.0","816.0","1188.0","330.0","42.0","1.0","10.0","52.0","13.0","19.0","0.0"
"0","Central Mich.","0","Opponent Totals","Away","","32.0","873.0","1296.0","376.0","47.0","0.0","9.0","23.0","15.0","31.0","0.0"
"0","SIUE","0","Totals","Away","","33.0","844.0","1212.0","331.0","37.0","0.0","4.0","34.0","16.0","26.0","0.0"
"0","SIUE","0","Opponent Totals","Away","","33.0","903.0","1241.0","304.0","34.0","0.0","2.0","14.0","10.0","20.0","0.0"
"0","Portland","0","Totals","Away","","23.0","595.0","831.0","212.0","24.0","0.0","0.0","18.0","9.0","22.0","0.0"
"0","Portland","0","Opponent Totals","Away","","23.0","630.0","878.0","226.0","22.0","1.0","2.0","18.0","18.0","17.0","0.0"
"0","Houston-Victoria","0","Totals","Away","","1.0","20.0","31.0","8.0","3.0","0.0","0.0","3.0","0.0","0.0","0.0"
"0","Houston-Victoria","0","Opponent Totals","Away","","1.0","21.0","31.0","10.0","0.0","0.0","0.0","0.0","1.0","0.0","0.0"
"0","Virginia Tech","0","Totals","Away","","26.0","665.0","937.0","233.0","39.0","1.0","5.0","35.0","9.0","13.0","0.0"
"0","Virginia Tech","0","Opponent Totals","Away","","26.0","714.0","1001.0","257.0","30.0","0.0","4.0","12.0","10.0","21.0","0.0"
"0","South Dakota St.","0","Totals","Away","","32.0","810.0","1163.0","314.0","39.0","0.0","14.0","45.0","10.0","15.0","0.0"
"0","South Dakota St.","0","Opponent Totals","Away","","32.0","882.0","1241.0","314.0","45.0","0.0","11.0","39.0","12.0","28.0","0.0"
"0","VCU","0","Totals","Away","","27.0","683.0","946.0","242.0","21.0","0.0","5.0","26.0","9.0","16.0","0.0"
"0","VCU","0","Opponent Totals","Away","","27.0","723.0","1070.0","319.0","28.0","0.0","7.0","28.0","8.0","25.0","0.0"
"0","UC Santa Barbara","0","Totals","Away","","21.0","530.0","754.0","200.0","24.0","0.0","1.0","13.0","6.0","17.0","0.0"
"0","UC Santa Barbara","0","Opponent Totals","Away","","21.0","573.0","828.0","233.0","22.0","0.0","2.0","21.0","5.0","11.0","0.0"
"0","South Carolina","0","Totals","Away","","23.0","568.0","793.0","211.0","14.0","1.0","6.0","19.0","5.0","17.0","0.0"
"0","South Carolina","0","Opponent Totals","Away","","23.0","609.0","832.0","197.0","26.0","1.0","5.0","8.0","2.0","12.0","0.0"
"0","Clemson","0","Totals","Away","","24.0","626.0","856.0","210.0","20.0","2.0","5.0","13.0","6.0","11.0","0.0"
"0","Clemson","0","Opponent Totals","Away","","24.0","642.0","876.0","221.0","13.0","1.0","5.0","25.0","8.0","26.0","0.0"
"0","Christian Bros.","0","Totals","Away","","1.0","24.0","35.0","10.0","1.0","0.0","0.0","2.0","0.0","0.0","0.0"
"0","Christian Bros.","0","Opponent Totals","Away","","1.0","27.0","42.0","12.0","3.0","0.0","0.0","0.0","0.0","1.0","0.0"
"0","Holy Cross","0","Totals","Away","","29.0","724.0","1013.0","257.0","32.0","0.0","3.0","26.0","10.0","22.0","0.0"
"0","Holy Cross","0","Opponent Totals","Away","","29.0","765.0","1040.0","241.0","34.0","0.0","4.0","21.0","8.0","16.0","0.0"
"0","Indiana Tech","0","Totals","Away","","1.0","29.0","43.0","12.0","2.0","0.0","1.0","1.0","0.0","2.0","0.0"
"0","Indiana Tech","0","Opponent Totals","Away","","1.0","30.0","45.0","13.0","2.0","0.0","0.0","0.0","1.0","3.0","0.0"
"0","Grambling","0","Totals","Away","","30.0","743.0","1070.0","279.0","48.0","0.0","9.0","48.0","15.0","17.0","0.0"
"0","Grambling","0","Opponent Totals","Away","","30.0","801.0","1161.0","315.0","45.0","3.0","7.0","38.0","12.0","29.0","0.0"
"0","Massachusetts","0","Totals","Away","","23.0","577.0","812.0","205.0","30.0","1.0","7.0","27.0","10.0","21.0","0.0"
"0","Massachusetts","0","Opponent Totals","Away","","23.0","621.0","861.0","218.0","22.0","2.0","8.0","10.0","5.0","21.0","0.0"
"0","James Madison","0","Totals","Away","","25.0","634.0","877.0","215.0","28.0","0.0","7.0","30.0","9.0","20.0","0.0"
"0","James Madison","0","Opponent Totals","Away","","25.0","666.0","920.0","230.0","24.0","0.0","6.0","28.0","13.0","15.0","0.0"
"0","Coe","0","Totals","Away","","1.0","24.0","34.0","10.0","0.0","0.0","0.0","0.0","0.0","1.0","0.0"
"0","Coe","0","Opponent Totals","Away","","1.0","27.0","41.0","11.0","3.0","0.0","1.0","0.0","1.0","2.0","0.0"
"0","New Orleans","0","Totals","Away","","30.0","803.0","1123.0","279.0","41.0","0.0","7.0","43.0","12.0","11.0","0.0"
"0","New Orleans","0","Opponent Totals","Away","","30.0","840.0","1206.0","325.0","41.0","0.0","10.0","12.0","10.0","31.0","0.0"
"0","Iona","0","Totals","Away","","31.0","752.0","1076.0","280.0","44.0","1.0","6.0","49.0","13.0","19.0","0.0"
"0","Iona","0","Opponent Totals","Away","","31.0","810.0","1167.0","319.0","38.0","0.0","8.0","18.0","5.0","18.0","0.0"
"0","Wofford","0","Totals","Away","","24.0","638.0","933.0","260.0","35.0","0.0","5.0","9.0","7.0","14.0","0.0"
"0","Wofford","0","Opponent Totals","Away","","24.0","678.0","998.0","290.0","30.0","1.0","3.0","61.0","14.0","17.0","0.0"
"0","CSU Bakersfield","0","Totals","Away","","30.0","760.0","1093.0","278.0","55.0","0.0","2.0","24.0","13.0","24.0","0.0"
"0","CSU Bakersfield","0","Opponent Totals","Away","","30.0","816.0","1232.0","366.0","50.0","1.0","3.0","15.0","18.0","31.0","0.0"
"0","Butler","0","Totals","Away","","28.0","735.0","1010.0","242.0","33.0","2.0","7.0","22.0","10.0","22.0","0.0"
"0","Butler","0","Opponent Totals","Away","","28.0","765.0","1059.0","263.0","31.0","0.0","6.0","26.0","12.0","23.0","0.0"
"0","Oral Roberts","0","Totals","Away","","28.0","707.0","1002.0","255.0","40.0","1.0","1.0","30.0","3.0","20.0","0.0"
"0","Oral Roberts","0","Opponent Totals","Away","","28.0","750.0","1033.0","249.0","34.0","1.0","6.0","14.0","7.0","19.0","0.0"
"0","UMES","0","Totals","Away","","29.0","654.0","969.0","259.0","56.0","0.0","3.0","53.0","10.0","18.0","0.0"
"0","UMES","0","Opponent Totals","Away","","29.0","720.0","1083.0","318.0","45.0","0.0","8.0","44.0","12.0","25.0","0.0"
"0","Jacksonville St.","0","Totals","Away","","26.0","702.0","1010.0","270.0","38.0","0.0","1.0","23.0","5.0","27.0","0.0"
"0","Jacksonville St.","0","Opponent Totals","Away","","26.0","735.0","1031.0","258.0","38.0","2.0","6.0","21.0","7.0","17.0","0.0"
"0","Sacred Heart","0","Totals","Away","","35.0","862.0","1205.0","303.0","40.0","0.0","7.0","44.0","15.0","25.0","0.0"
"0","Sacred Heart","0","Opponent Totals","Away","","35.0","933.0","1290.0","320.0","37.0","1.0","5.0","30.0","13.0","23.0","0.0"
"0","Ill. Wesleyan","0","Totals","Away"
"0","Ill. Wesleyan","0","Totals","Away"
"0","UT Martin","0","Totals","Away","","35.0","879.0","1229.0","294.0","56.0","0.0","8.0","43.0","17.0","22.0","0.0"
"0","UT Martin","0","Opponent Totals","Away","","35.0","963.0","1323.0","331.0","29.0","1.0","4.0","26.0","9.0","33.0","0.0"
"0","Northern Ky.","0","Totals","Away","","33.0","819.0","1123.0","265.0","39.0","0.0","7.0","62.0","8.0","20.0","0.0"
"0","Northern Ky.","0","Opponent Totals","Away","","33.0","888.0","1194.0","278.0","28.0","0.0","6.0","12.0","8.0","22.0","0.0"
"0","Fairleigh Dickinson","0","Totals","Away","","28.0","615.0","891.0","248.0","28.0","0.0","2.0","34.0","15.0","17.0","0.0"
"0","Fairleigh Dickinson","0","Opponent Totals","Away","","28.0","675.0","958.0","249.0","34.0","2.0","6.0","31.0","14.0","21.0","0.0"
"0","Canisius","0","Totals","Away","","37.0","950.0","1292.0","298.0","44.0","0.0","8.0","48.0","12.0","18.0","0.0"
"0","Canisius","0","Opponent Totals","Away","","37.0","984.0","1394.0","356.0","54.0","0.0","9.0","49.0","9.0","37.0","0.0"
"0","ETSU","0","Totals","Away","","28.0","733.0","1041.0","274.0","34.0","2.0","4.0","21.0","12.0","13.0","0.0"
"0","ETSU","0","Opponent Totals","Away","","28.0","768.0","1035.0","239.0","28.0","0.0","4.0","20.0","11.0","12.0","0.0"
"0","UC Riverside","0","Totals","Away","","23.0","591.0","832.0","215.0","26.0","0.0","6.0","30.0","10.0","10.0","0.0"
"0","UC Riverside","0","Opponent Totals","Away","","23.0","636.0","893.0","228.0","29.0","1.0","3.0","6.0","10.0","16.0","0.0"
"0","Long Beach St.","0","Totals","Away","","28.0","715.0","987.0","244.0","28.0","0.0","10.0","7.0","9.0","19.0","0.0"
"0","Long Beach St.","0","Opponent Totals","Away","","28.0","759.0","1144.0","343.0","42.0","0.0","4.0","23.0","12.0","24.0","0.0"
"0","Pacific","0","Totals","Away","","28.0","694.0","1003.0","286.0","23.0","0.0","7.0","21.0","12.0","28.0","0.0"
"0","Pacific","0","Opponent Totals","Away","","28.0","744.0","1084.0","300.0","40.0","0.0","2.0","13.0","8.0","29.0","0.0"
"0","Loyola Marymount","0","Totals","Away","","29.0","737.0","1013.0","245.0","31.0","0.0","6.0","19.0","12.0","10.0","0.0"
"0","Loyola Marymount","0","Opponent Totals","Away","","29.0","795.0","1117.0","288.0","34.0","0.0","13.0","23.0","11.0","21.0","0.0"
"0","Brescia","0","Totals","Away","","1.0","18.0","28.0","7.0","3.0","0.0","1.0","1.0","0.0","0.0","0.0"
"0","Brescia","0","Opponent Totals","Away","","1.0","21.0","31.0","10.0","0.0","0.0","0.0","0.0","0.0","0.0","0.0"
"0","Stillman","0","Totals","Away","","1.0","24.0","43.0","15.0","4.0","0.0","0.0","4.0","1.0","1.0","0.0"
"0","Stillman","0","Opponent Totals","Away","","1.0","27.0","40.0","12.0","1.0","0.0","0.0","0.0","0.0","1.0","0.0"
"0","Louisiana","0","Totals","Away","","27.0","719.0","1039.0","297.0","23.0","1.0","6.0","25.0","5.0","27.0","0.0"
"0","Louisiana","0","Opponent Totals","Away","","27.0","753.0","1073.0","284.0","36.0","0.0","2.0","34.0","7.0","12.0","0.0"
"0","Alcorn","0","Totals","Away","","37.0","856.0","1196.0","274.0","66.0","0.0","18.0","84.0","13.0","27.0","1.0"
"0","Alcorn","0","Opponent Totals","Away","","37.0","939.0","1330.0","346.0","45.0","0.0","6.0","31.0","15.0","19.0","1.0"
"0","UCF","0","Totals","Away","","20.0","516.0","728.0","179.0","33.0","0.0","5.0","29.0","5.0","13.0","0.0"
"0","UCF","0","Opponent Totals","Away","","20.0","549.0","759.0","185.0","25.0","0.0","4.0","27.0","11.0","15.0","0.0"
"0","Madonna","0","Totals","Away"
"0","Madonna","0","Totals","Away"
"0","Toledo","0","Totals","Away","","34.0","864.0","1224.0","325.0","35.0","0.0","13.0","38.0","21.0","21.0","0.0"
"0","Toledo","0","Opponent Totals","Away","","34.0","927.0","1288.0","321.0","40.0","0.0","7.0","34.0","11.0","28.0","0.0"
"0","Towson","0","Totals","Away","","30.0","737.0","1061.0","284.0","40.0","0.0","15.0","62.0","19.0","22.0","0.0"
"0","Towson","0","Opponent Totals","Away","","30.0","804.0","1162.0","316.0","42.0","1.0","8.0","28.0","4.0","23.0","0.0"
"0","Oklahoma St.","0","Totals","Away","","29.0","753.0","1046.0","261.0","32.0","1.0","8.0","34.0","10.0","28.0","0.0"
"0","Oklahoma St.","0","Opponent Totals","Away","","29.0","792.0","1090.0","270.0","28.0","0.0","5.0","27.0","11.0","24.0","0.0"
"0","Evansville","0","Totals","Away","","29.0","719.0","1008.0","248.0","41.0","1.0","7.0","49.0","12.0","16.0","0.0"
"0","Evansville","0","Opponent Totals","Away","","29.0","792.0","1131.0","310.0","29.0","0.0","4.0","21.0","10.0","28.0","0.0"
"0","Mercer","0","Totals","Away","","25.0","623.0","884.0","236.0","25.0","0.0","6.0","23.0","6.0","19.0","0.0"
"0","Mercer","0","Opponent Totals","Away","","25.0","654.0","917.0","225.0","38.0","0.0","4.0","32.0","12.0","11.0","0.0"
"0","Murray St.","0","Totals","Away","","24.0","592.0","815.0","196.0","27.0","0.0","2.0","33.0","7.0","18.0","0.0"
"0","Murray St.","0","Opponent Totals","Away","","24.0","645.0","874.0","203.0","26.0","0.0","1.0","16.0","7.0","23.0","0.0"
"0","Texas St.","0","Totals","Away","","26.0","657.0","943.0","261.0","25.0","0.0","3.0","24.0","9.0","27.0","0.0"
"0","Texas St.","0","Opponent Totals","Away","","26.0","699.0","997.0","267.0","31.0","0.0","7.0","21.0","7.0","23.0","0.0"
"0","Lipscomb","0","Totals","Away","","18.0","448.0","626.0","155.0","23.0","0.0","1.0","19.0","10.0","5.0","0.0"
"0","Lipscomb","0","Opponent Totals","Away","","18.0","489.0","654.0","151.0","14.0","0.0","1.0","18.0","4.0","7.0","0.0"
"0","Okla. Panhandle","0","Totals","Away","","3.0","60.0","95.0","31.0","4.0","0.0","1.0","2.0","1.0","3.0","0.0"
"0","Okla. Panhandle","0","Opponent Totals","Away","","3.0","69.0","103.0","32.0","2.0","0.0","0.0","0.0","0.0","5.0","0.0"
"0","UT Arlington","0","Totals","Away","","26.0","671.0","942.0","245.0","26.0","0.0","4.0","33.0","6.0","18.0","0.0"
"0","UT Arlington","0","Opponent Totals","Away","","26.0","726.0","991.0","238.0","27.0","0.0","3.0","14.0","9.0","19.0","0.0"
"0","Illinois St.","0","Totals","Away","","34.0","846.0","1186.0","313.0","27.0","1.0","10.0","29.0","9.0","20.0","0.0"
"0","Illinois St.","0","Opponent Totals","Away","","34.0","900.0","1237.0","285.0","52.0","0.0","7.0","13.0","9.0","18.0","0.0"
"0","South Alabama","0","Totals","Away","","32.0","793.0","1079.0","266.0","20.0","0.0","5.0","36.0","9.0","23.0","0.0"
"0","South Alabama","0","Opponent Totals","Away","","32.0","849.0","1194.0","300.0","45.0","0.0","5.0","17.0","12.0","24.0","0.0"
"0","Northern Colo.","0","Totals","Away","","24.0","612.0","890.0","249.0","29.0","0.0","1.0","20.0","12.0","17.0","0.0"
"0","Northern Colo.","0","Opponent Totals","Away","","24.0","645.0","883.0","203.0","35.0","2.0","11.0","26.0","11.0","19.0","0.0"
"0","Saint Peter's","0","Totals","Away","","27.0","618.0","860.0","182.0","60.0","0.0","14.0","89.0","4.0","9.0","0.0"
"0","Saint Peter's","0","Opponent Totals","Away","","27.0","693.0","1004.0","294.0","17.0","0.0","5.0","15.0","5.0","23.0","0.0"
"0","DBU","0","Totals","Away","","28.0","729.0","1005.0","250.0","26.0","0.0","5.0","15.0","5.0","20.0","0.0"
"0","DBU","0","Opponent Totals","Away","","28.0","765.0","1012.0","212.0","35.0","0.0","6.0","30.0","5.0","21.0","0.0"
"0","Northwestern St.","0","Totals","Away","","31.0","832.0","1195.0","325.0","38.0","1.0","5.0","23.0","6.0","37.0","0.0"
"0","Northwestern St.","0","Opponent Totals","Away","","31.0","870.0","1219.0","314.0","35.0","1.0","9.0","23.0","10.0","31.0","1.0"
"0","Kent St.","0","Totals","Away","","34.0","885.0","1178.0","263.0","30.0","0.0","4.0","34.0","14.0","19.0","0.0"
"0","Kent St.","0","Opponent Totals","Away","","34.0","921.0","1357.0","391.0","45.0","0.0","10.0","45.0","19.0","25.0","0.0"
"0","Cleary","0","Totals","Away","","1.0","24.0","33.0","8.0","1.0","0.0","2.0","1.0","2.0","1.0","0.0"
"0","Cleary","0","Opponent Totals","Away","","1.0","27.0","43.0","15.0","1.0","0.0","0.0","3.0","1.0","1.0","0.0"
"0","Memphis","0","Totals","Away","","23.0","573.0","800.0","204.0","23.0","0.0","3.0","23.0","10.0","13.0","0.0"
"0","Memphis","0","Opponent Totals","Away","","23.0","621.0","849.0","212.0","16.0","0.0","4.0","13.0","8.0","13.0","0.0"
"0","Mississippi Val.","0","Totals","Away","","29.0","688.0","1026.0","261.0","77.0","0.0","6.0","47.0","6.0","19.0","0.0"
"0","Mississippi Val.","0","Opponent Totals","Away","","29.0","762.0","1127.0","329.0","36.0","1.0","5.0","38.0","15.0","15.0","0.0"
"0","Ark.-Pine Bluff","0","Totals","Away","","22.0","537.0","800.0","224.0","39.0","3.0","6.0","44.0","10.0","14.0","0.0"
"0","Ark.-Pine Bluff","0","Opponent Totals","Away","","22.0","573.0","840.0","236.0","31.0","0.0","8.0","15.0","13.0","22.0","0.0"
"0","Roosevelt","0","Totals","Away","","1.0","24.0","34.0","9.0","1.0","0.0","0.0","0.0","0.0","0.0","0.0"
"0","Roosevelt","0","Opponent Totals","Away","","1.0","27.0","38.0","11.0","0.0","0.0","0.0","2.0","1.0","0.0","0.0"
"0","Pittsburgh","0","Totals","Away","","21.0","540.0","769.0","211.0","18.0","1.0","2.0","27.0","9.0","11.0","0.0"
"0","Pittsburgh","0","Opponent Totals","Away","","21.0","579.0","765.0","168.0","18.0","0.0","4.0","15.0","7.0","20.0","0.0"
"0","Saint Louis","0","Totals","Away","","26.0","671.0","922.0","217.0","34.0","0.0","8.0","12.0","11.0","11.0","0.0"
"0","Saint Louis","0","Opponent Totals","Away","","26.0","702.0","935.0","209.0","24.0","0.0","6.0","27.0","8.0","15.0","0.0"
"0","Dartmouth","0","Totals","Away","","26.0","661.0","947.0","258.0","28.0","0.0","5.0","33.0","8.0","22.0","0.0"
"0","Dartmouth","0","Opponent Totals","Away","","26.0","714.0","1008.0","263.0","31.0","0.0","6.0","19.0","5.0","32.0","0.0"
"0","Concordia Chicago","0","Totals","Away","","1.0","24.0","34.0","10.0","0.0","0.0","0.0","4.0","1.0","1.0","0.0"
"0","Concordia Chicago","0","Opponent Totals","Away","","1.0","27.0","41.0","13.0","1.0","0.0","0.0","3.0","1.0","2.0","0.0"
"0","St. John's (NY)","0","Totals","Away","","29.0","758.0","1034.0","250.0","26.0","1.0","5.0","19.0","6.0","16.0","0.0"
"0","St. John's (NY)","0","Opponent Totals","Away","","29.0","786.0","1131.0","310.0","35.0","0.0","5.0","21.0","12.0","14.0","0.0"
"0","Austin Peay","0","Totals","Away","","29.0","737.0","1012.0","241.0","34.0","1.0","13.0","41.0","4.0","22.0","0.0"
"0","Austin Peay","0","Opponent Totals","Away","","29.0","789.0","1102.0","275.0","38.0","0.0","6.0","39.0","11.0","12.0","0.0"
"0","Western Caro.","0","Totals","Away","","28.0","692.0","968.0","240.0","36.0","0.0","1.0","41.0","13.0","20.0","0.0"
"0","Western Caro.","0","Opponent Totals","Away","","28.0","756.0","1069.0","283.0","30.0","0.0","4.0","19.0","6.0","25.0","1.0"
"0","Auburn","0","Totals","Away","","26.0","651.0","886.0","210.0","25.0","0.0","4.0","21.0","8.0","21.0","0.0"
"0","Auburn","0","Opponent Totals","Away","","26.0","696.0","955.0","227.0","32.0","2.0","4.0","18.0","7.0","22.0","0.0"
"0","Huston-Tillotson","0","Totals","Away","","4.0","83.0","127.0","36.0","8.0","2.0","0.0","11.0","2.0","3.0","0.0"
"0","Huston-Tillotson","0","Opponent Totals","Away","","4.0","90.0","133.0","36.0","7.0","0.0","2.0","2.0","2.0","6.0","0.0"
"0","Marshall","0","Totals","Away","","28.0","726.0","1007.0","247.0","34.0","0.0","3.0","13.0","5.0","20.0","0.0"
"0","Marshall","0","Opponent Totals","Away","","28.0","768.0","1050.0","246.0","36.0","0.0","9.0","40.0","14.0","25.0","0.0"
"0","William & Mary","0","Totals","Away","","25.0","631.0","904.0","247.0","26.0","0.0","4.0","47.0","16.0","15.0","0.0"
"0","William & Mary","0","Opponent Totals","Away","","25.0","693.0","999.0","284.0","22.0","0.0","5.0","10.0","10.0","17.0","0.0"
"0","LSU","0","Totals","Away","","23.0","582.0","782.0","177.0","23.0","0.0","1.0","23.0","8.0","9.0","0.0"
"0","LSU","0","Opponent Totals","Away","","23.0","627.0","886.0","236.0","23.0","0.0","1.0","22.0","11.0","21.0","0.0"
"0","Coppin St.","0","Totals","Away","","23.0","568.0","807.0","202.0","37.0","0.0","3.0","77.0","8.0","9.0","0.0"
"0","Coppin St.","0","Opponent Totals","Away","","23.0","603.0","877.0","249.0","25.0","0.0","4.0","34.0","12.0","19.0","0.0"
"0","Niagara","0","Totals","Away","","33.0","811.0","1137.0","274.0","52.0","1.0","12.0","60.0","18.0","21.0","0.0"
"0","Niagara","0","Opponent Totals","Away","","33.0","867.0","1230.0","306.0","57.0","0.0","11.0","37.0","8.0","19.0","0.0"
"0","George Mason","0","Totals","Away","","28.0","732.0","1019.0","255.0","32.0","1.0","6.0","25.0","19.0","19.0","0.0"
"0","George Mason","0","Opponent Totals","Away","","28.0","777.0","1051.0","237.0","37.0","0.0","6.0","17.0","6.0","20.0","0.0"
"0","Purdue Fort Wayne","0","Totals","Away","","30.0","699.0","994.0","243.0","52.0","0.0","11.0","41.0","17.0","17.0","0.0"
"0","Purdue Fort Wayne","0","Opponent Totals","Away","","30.0","771.0","1084.0","285.0","28.0","0.0","8.0","17.0","6.0","22.0","0.0"
"0","Fresno St.","0","Totals","Away","","18.0","461.0","682.0","204.0","17.0","0.0","1.0","9.0","4.0","18.0","0.0"
"0","Fresno St.","0","Opponent Totals","Away","","18.0","492.0","722.0","210.0","20.0","0.0","0.0","13.0","3.0","18.0","0.0"
"0","Rio Grande","0","Totals","Away","","1.0","27.0","38.0","9.0","2.0","0.0","0.0","1.0","0.0","1.0","0.0"
"0","Rio Grande","0","Opponent Totals","Away","","1.0","27.0","42.0","13.0","2.0","0.0","0.0","2.0","0.0","1.0","0.0"
"0","Air Force","0","Totals","Away","","31.0","786.0","1130.0","314.0","30.0","1.0","3.0","21.0","16.0","31.0","0.0"
"0","Air Force","0","Opponent Totals","Away","","31.0","849.0","1161.0","278.0","34.0","0.0","4.0","37.0","18.0","22.0","0.0"
"0","Eastern Ill.","0","Totals","Away","","33.0","841.0","1165.0","284.0","40.0","0.0","3.0","39.0","14.0","22.0","0.0"
"0","Eastern Ill.","0","Opponent Totals","Away","","33.0","891.0","1225.0","297.0","37.0","0.0","15.0","26.0","7.0","23.0","0.0"
"0","Oregon","0","Totals","Away","","25.0","638.0","882.0","213.0","31.0","0.0","8.0","25.0","7.0","16.0","0.0"
"0","Oregon","0","Opponent Totals","Away","","25.0","690.0","959.0","246.0","23.0","0.0","2.0","14.0","9.0","13.0","0.0"
"0","Pepperdine","0","Totals","Away","","23.0","585.0","788.0","184.0","19.0","0.0","5.0","8.0","8.0","16.0","0.0"
"0","Pepperdine","0","Opponent Totals","Away","","23.0","621.0","844.0","205.0","18.0","0.0","5.0","17.0","7.0","12.0","0.0"
"0","Houston Baptist","0","Totals","Away","","36.0","924.0","1313.0","360.0","29.0","0.0","1.0","29.0","11.0","28.0","0.0"
"0","Houston Baptist","0","Opponent Totals","Away","","36.0","987.0","1419.0","392.0","40.0","0.0","5.0","33.0","29.0","30.0","0.0"
"0","Quinnipiac","0","Totals","Away","","39.0","954.0","1400.0","373.0","73.0","0.0","10.0","50.0","23.0","24.0","0.0"
"0","Quinnipiac","0","Opponent Totals","Away","","39.0","1023.0","1459.0","380.0","56.0","0.0","12.0","49.0","20.0","24.0","0.0"
"0","Southern Ill.","0","Totals","Away","","31.0","797.0","1128.0","291.0","40.0","0.0","7.0","25.0","4.0","18.0","0.0"
"0","Southern Ill.","0","Opponent Totals","Away","","31.0","849.0","1183.0","289.0","45.0","0.0","11.0","62.0","16.0","27.0","0.0"
"0","Loras","0","Totals","Away","","1.0","24.0","29.0","5.0","0.0","0.0","0.0","0.0","1.0","1.0","0.0"
"0","Loras","0","Opponent Totals","Away","","1.0","27.0","36.0","8.0","1.0","0.0","0.0","1.0","0.0","0.0","0.0"
"0","NJIT","0","Totals","Away","","36.0","895.0","1261.0","330.0","36.0","0.0","14.0","55.0","13.0","19.0","0.0"
"0","NJIT","0","Opponent Totals","Away","","36.0","951.0","1325.0","329.0","45.0","0.0","8.0","39.0","9.0","24.0","0.0"
"0","Bradley","0","Totals","Away","","31.0","814.0","1140.0","292.0","34.0","0.0","10.0","27.0","14.0","22.0","0.0"
"0","Bradley","0","Opponent Totals","Away","","31.0","840.0","1199.0","308.0","51.0","2.0","7.0","25.0","10.0","19.0","0.0"
"0","UNLV","0","Totals","Away","","29.0","742.0","1078.0","304.0","32.0","1.0","2.0","34.0","4.0","27.0","0.0"
"0","UNLV","0","Opponent Totals","Away","","29.0","786.0","1137.0","319.0","32.0","0.0","3.0","12.0","6.0","34.0","0.0"
"0","Nicholls St.","0","Totals","Away","","26.0","674.0","978.0","272.0","32.0","0.0","8.0","27.0","9.0","34.0","0.0"
"0","Nicholls St.","0","Opponent Totals","Away","","26.0","725.0","1010.0","257.0","28.0","0.0","6.0","14.0","13.0","27.0","0.0"
"0","Tennessee","0","Totals","Away","","20.0","528.0","757.0","205.0","24.0","0.0","5.0","26.0","7.0","20.0","0.0"
"0","Tennessee","0","Opponent Totals","Away","","20.0","561.0","794.0","201.0","32.0","2.0","6.0","8.0","4.0","17.0","0.0"
"0","Maine","0","Totals","Away","","39.0","964.0","1348.0","350.0","34.0","0.0","13.0","55.0","12.0","26.0","0.0"
"0","Maine","0","Opponent Totals","Away","","39.0","1043.0","1464.0","380.0","41.0","1.0","5.0","49.0","18.0","24.0","0.0"
"0","TCU","0","Totals","Away","","22.0","579.0","802.0","200.0","23.0","0.0","1.0","11.0","5.0","11.0","0.0"
"0","TCU","0","Opponent Totals","Away","","22.0","609.0","847.0","218.0","20.0","0.0","5.0","36.0","8.0","19.0","0.0"
"0","Lehigh","0","Totals","Away","","32.0","775.0","1124.0","308.0","41.0","1.0","6.0","33.0","11.0","30.0","0.0"
"0","Lehigh","0","Opponent Totals","Away","","32.0","819.0","1172.0","298.0","55.0","0.0","12.0","24.0","7.0","29.0","0.0"
"0","Dayton","0","Totals","Away","","31.0","776.0","1123.0","318.0","29.0","1.0","7.0","45.0","9.0","23.0","0.0"
"0","Dayton","0","Opponent Totals","Away","","31.0","837.0","1168.0","298.0","33.0","0.0","5.0","48.0","18.0","23.0","0.0"
"0","Kansas St.","0","Totals","Away","","25.0","638.0","929.0","262.0","29.0","0.0","2.0","27.0","8.0","25.0","0.0"
"0","Kansas St.","0","Opponent Totals","Away","","25.0","684.0","949.0","242.0","23.0","1.0","7.0","27.0","8.0","24.0","0.0"
"0","MacMurray","0","Totals","Away","","1.0","24.0","36.0","9.0","3.0","0.0","1.0","6.0","0.0","0.0","0.0"
"0","MacMurray","0","Opponent Totals","Away","","1.0","27.0","46.0","15.0","4.0","0.0","0.0","0.0","1.0","0.0","0.0"
"0","Oakland City","0","Totals","Away","","2.0","45.0","58.0","11.0","2.0","0.0","3.0","4.0","0.0","0.0","0.0"
"0","Oakland City","0","Opponent Totals","Away","","2.0","48.0","75.0","23.0","4.0","0.0","0.0","1.0","0.0","0.0","0.0"
"0","Lamar University","0","Totals","Away","","27.0","678.0","947.0","234.0","35.0","0.0","7.0","29.0","11.0","13.0","0.0"
"0","Lamar University","0","Opponent Totals","Away","","27.0","732.0","1049.0","290.0","27.0","0.0","1.0","21.0","9.0","24.0","0.0"
"0","MSOE","0","Totals","Away","","1.0","24.0","39.0","11.0","4.0","0.0","0.0","4.0","0.0","0.0","0.0"
"0","MSOE","0","Opponent Totals","Away","","1.0","27.0","38.0","11.0","0.0","0.0","2.0","1.0","0.0","2.0","0.0"
"0","Dickinson St.","0","Totals","Away","","1.0","18.0","27.0","7.0","2.0","0.0","0.0","3.0","1.0","2.0","0.0"
"0","Dickinson St.","0","Opponent Totals","Away","","1.0","21.0","25.0","4.0","0.0","0.0","0.0","0.0","0.0","1.0","0.0"
"0","Ball St.","0","Totals","Away","","34.0","872.0","1210.0","306.0","32.0","0.0","5.0","27.0","24.0","21.0","0.0"
"0","Ball St.","0","Opponent Totals","Away","","34.0","918.0","1268.0","309.0","41.0","0.0","9.0","32.0","14.0","34.0","0.0"
"0","N.C. A&T","0","Totals","Away","","23.0","582.0","846.0","230.0","34.0","0.0","2.0","23.0","8.0","16.0","0.0"
"0","N.C. A&T","0","Opponent Totals","Away","","23.0","621.0","863.0","205.0","37.0","1.0","6.0","39.0","9.0","15.0","0.0"
"0","Eastern Ky.","0","Totals","Away","","35.0","899.0","1242.0","301.0","42.0","0.0","9.0","37.0","15.0","29.0","0.0"
"0","Eastern Ky.","0","Opponent Totals","Away","","35.0","960.0","1371.0","352.0","59.0","4.0","11.0","53.0","10.0","26.0","0.0"
"0","Grand View","0","Totals","Away","","1.0","24.0","30.0","5.0","1.0","0.0","0.0","1.0","0.0","0.0","0.0"
"0","Grand View","0","Opponent Totals","Away","","1.0","27.0","33.0","6.0","0.0","0.0","0.0","0.0","0.0","0.0","0.0"
"0","Northern Ill.","0","Totals","Away","","38.0","953.0","1356.0","357.0","46.0","0.0","7.0","39.0","20.0","34.0","0.0"
"0","Northern Ill.","0","Opponent Totals","Away","","38.0","1032.0","1499.0","416.0","51.0","0.0","6.0","31.0","22.0","31.0","0.0"
"0","McKendree","0","Totals","Away","","1.0","24.0","29.0","5.0","0.0","0.0","2.0","4.0","0.0","0.0","0.0"
"0","McKendree","0","Opponent Totals","Away","","1.0","27.0","33.0","5.0","1.0","0.0","1.0","0.0","1.0","0.0","0.0"
"0","Arkansas St.","0","Totals","Away","","27.0","690.0","989.0","265.0","34.0","3.0","5.0","25.0","7.0","24.0","0.0"
"0","Arkansas St.","0","Opponent Totals","Away","","27.0","738.0","1003.0","241.0","24.0","0.0","5.0","8.0","4.0","16.0","0.0"
"0","Rhode Island","0","Totals","Away","","32.0","826.0","1140.0","271.0","43.0","0.0","8.0","33.0","9.0","22.0","0.0"
"0","Rhode Island","0","Opponent Totals","Away","","32.0","882.0","1233.0","325.0","26.0","1.0","9.0","37.0","13.0","30.0","0.0"
"0","N.C. Central","0","Totals","Away","","22.0","533.0","764.0","189.0","42.0","0.0","8.0","29.0","8.0","11.0","0.0"
"0","N.C. Central","0","Opponent Totals","Away","","22.0","567.0","794.0","188.0","39.0","0.0","3.0","30.0","9.0","10.0","0.0"
"0","Central Conn. St.","0","Totals","Away","","24.0","564.0","802.0","215.0","23.0","0.0","3.0","18.0","10.0","15.0","0.0"
"0","Central Conn. St.","0","Opponent Totals","Away","","24.0","612.0","871.0","239.0","20.0","0.0","4.0","12.0","4.0","15.0","0.0"
"0","Mayville St.","0","Totals","Away","","1.0","24.0","30.0","4.0","2.0","0.0","0.0","1.0","0.0","0.0","0.0"
"0","Mayville St.","0","Opponent Totals","Away","","1.0","27.0","37.0","8.0","2.0","0.0","0.0","0.0","0.0","0.0","0.0"
"0","Boston College","0","Totals","Away","","24.0","614.0","861.0","218.0","29.0","0.0","6.0","28.0","7.0","24.0","0.0"
"0","Boston College","0","Opponent Totals","Away","","24.0","654.0","959.0","268.0","37.0","0.0","8.0","42.0","10.0","14.0","0.0"
"0","Grand Canyon","0","Totals","Away","","24.0","625.0","868.0","223.0","20.0","1.0","4.0","20.0","2.0","17.0","0.0"
"0","Grand Canyon","0","Opponent Totals","Away","","24.0","660.0","965.0","271.0","34.0","0.0","4.0","40.0","9.0","22.0","0.0"
"0","Washington St.","0","Totals","Away","","24.0","589.0","800.0","193.0","18.0","0.0","5.0","19.0","8.0","15.0","0.0"
"0","Washington St.","0","Opponent Totals","Away","","24.0","648.0","889.0","224.0","17.0","2.0","6.0","8.0","7.0","17.0","0.0"
"0","Abilene Christian","0","Totals","Away","","22.0","565.0","809.0","215.0","29.0","0.0","4.0","47.0","4.0","19.0","0.0"
"0","Abilene Christian","0","Opponent Totals","Away","","22.0","612.0","843.0","201.0","30.0","0.0","2.0","26.0","12.0","15.0","0.0"
"0","Saint Joseph's","0","Totals","Away","","24.0","603.0","868.0","243.0","22.0","1.0","3.0","19.0","8.0","19.0","0.0"
"0","Saint Joseph's","0","Opponent Totals","Away","","24.0","642.0","924.0","255.0","27.0","0.0","9.0","20.0","6.0","17.0","0.0"
"0","Ole Miss","0","Totals","Away","","29.0","755.0","1044.0","258.0","31.0","1.0","5.0","25.0","8.0","17.0","0.0"
"0","Ole Miss","0","Opponent Totals","Away","","29.0","783.0","1112.0","305.0","24.0","0.0","6.0","26.0","11.0","36.0","0.0"
"0","Charleston So.","0","Totals","Away","","26.0","670.0","898.0","198.0","30.0","0.0","3.0","20.0","7.0","11.0","0.0"
"0","Charleston So.","0","Opponent Totals","Away","","26.0","717.0","980.0","241.0","22.0","0.0","1.0","11.0","8.0","22.0","0.0"
"0","Duke","0","Totals","Away","","26.0","698.0","979.0","260.0","21.0","0.0","5.0","17.0","6.0","26.0","0.0"
"0","Duke","0","Opponent Totals","Away","","26.0","726.0","980.0","229.0","25.0","0.0","4.0","33.0","8.0","18.0","0.0"
"0","Tennessee Tech","0","Totals","Away","","28.0","755.0","1011.0","225.0","31.0","0.0","4.0","21.0","4.0","20.0","0.0"
"0","Tennessee Tech","0","Opponent Totals","Away","","28.0","765.0","1099.0","290.0","44.0","0.0","11.0","13.0","6.0","29.0","0.0"
"0","UConn","0","Totals","Away","","40.0","1034.0","1434.0","364.0","36.0","2.0","10.0","49.0","19.0","29.0","0.0"
"0","UConn","0","Opponent Totals","Away","","40.0","1080.0","1560.0","425.0","55.0","0.0","9.0","47.0","26.0","30.0","0.0"
"0","UC-Colo. Springs","0","Totals","Away"
"0","UC-Colo. Springs","0","Totals","Away"
"0","Ill.-Chicago","0","Totals","Away","","20.0","508.0","730.0","196.0","26.0","2.0","7.0","16.0","8.0","19.0","0.0"
"0","Ill.-Chicago","0","Opponent Totals","Away","","20.0","543.0","779.0","202.0","34.0","0.0","4.0","4.0","2.0","22.0","0.0"
"0","Old Dominion","0","Totals","Away","","21.0","524.0","754.0","205.0","25.0","0.0","5.0","30.0","5.0","19.0","0.0"
"0","Old Dominion","0","Opponent Totals","Away","","21.0","573.0","825.0","235.0","17.0","0.0","1.0","15.0","9.0","20.0","0.0"
"0","Navy","0","Totals","Away","","21.0","523.0","719.0","180.0","16.0","0.0","6.0","15.0","5.0","11.0","0.0"
"0","Navy","0","Opponent Totals","Away","","21.0","537.0","757.0","190.0","30.0","0.0","5.0","16.0","5.0","17.0","0.0"
"0","FIU","0","Totals","Away","","21.0","526.0","737.0","196.0","15.0","0.0","7.0","35.0","10.0","16.0","0.0"
"0","FIU","0","Opponent Totals","Away","","21.0","558.0","780.0","199.0","23.0","0.0","3.0","10.0","15.0","13.0","0.0"
"0","Robert Morris-S'fiel","0","Totals","Away","","2.0","38.0","51.0","7.0","6.0","0.0","0.0","13.0","1.0","0.0","0.0"
"0","Robert Morris-S'fiel","0","Opponent Totals","Away","","2.0","42.0","61.0","17.0","2.0","0.0","0.0","0.0","0.0","1.0","0.0"
"0","Chicago St.","0","Totals","Away","","35.0","806.0","1131.0","269.0","56.0","1.0","6.0","66.0","12.0","21.0","0.0"
"0","Chicago St.","0","Opponent Totals","Away","","35.0","903.0","1298.0","361.0","34.0","0.0","7.0","23.0","11.0","31.0","0.0"
"0","Tulane","0","Totals","Away","","23.0","576.0","807.0","205.0","26.0","0.0","6.0","33.0","8.0","18.0","0.0"
"0","Tulane","0","Opponent Totals","Away","","23.0","624.0","848.0","195.0","29.0","0.0","4.0","15.0","0.0","20.0","1.0"
"0","Texas Tech","0","Totals","Away","","28.0","717.0","999.0","251.0","31.0","0.0","7.0","42.0","3.0","17.0","0.0"
"0","Texas Tech","0","Opponent Totals","Away","","28.0","750.0","1017.0","247.0","20.0","0.0","8.0","24.0","12.0","29.0","0.0"
"0","Cornell","0","Totals","Away","","21.0","532.0","773.0","208.0","33.0","0.0","3.0","29.0","8.0","8.0","0.0"
"0","Cornell","0","Opponent Totals","Away","","21.0","571.0","767.0","172.0","24.0","1.0","7.0","27.0","9.0","12.0","0.0"
"0","Binghamton","0","Totals","Away","","33.0","784.0","1145.0","322.0","39.0","0.0","3.0","31.0","13.0","31.0","0.0"
"0","Binghamton","0","Opponent Totals","Away","","33.0","846.0","1234.0","341.0","47.0","0.0","7.0","29.0","16.0","21.0","0.0"
"0","Hartford","0","Totals","Away","","32.0","785.0","1096.0","277.0","34.0","0.0","4.0","59.0","11.0","15.0","0.0"
"0","Hartford","0","Opponent Totals","Away","","32.0","855.0","1243.0","356.0","32.0","0.0","6.0","42.0","14.0","27.0","0.0"
"0","Fairfield","0","Totals","Away","","34.0","845.0","1203.0","308.0","50.0","0.0","5.0","34.0","8.0","29.0","0.0"
"0","Fairfield","0","Opponent Totals","Away","","34.0","909.0","1268.0","326.0","33.0","0.0","5.0","30.0","10.0","34.0","0.0"
"0","Houston","0","Totals","Away","","30.0","776.0","1110.0","304.0","30.0","1.0","4.0","26.0","12.0","25.0","0.0"
"0","Houston","0","Opponent Totals","Away","","30.0","819.0","1180.0","317.0","44.0","1.0","6.0","31.0","10.0","20.0","0.0"
